dataset_scope,group,alpha,endpoint_alpha,n,median_delta_base_pair_f1,q1_delta_base_pair_f1,q3_delta_base_pair_f1,fraction_higher_base_pair_f1,fraction_equal_base_pair_f1,median_delta_nmsmd,q1_delta_nmsmd,q3_delta_nmsmd,fraction_lower_nmsmd,fraction_equal_nmsmd,median_delta_normalized_mountain_objective,q1_delta_normalized_mountain_objective,q3_delta_normalized_mountain_objective,median_delta_normalized_centroid_gain,q1_delta_normalized_centroid_gain,q3_delta_normalized_centroid_gain,median_delta_fraction_selected_pair_bpp_below_0.01,q1_delta_fraction_selected_pair_bpp_below_0.01,q3_delta_fraction_selected_pair_bpp_below_0.01,fraction_identical_to_endpoint
all,all_families,0.0,0.0,21254,0.0,0.0,0.0,0.0,1.0,0.0,0.0,0.0,0.0,1.0,0.0,0.0,0.0,0.0,0.0,0.0,0.0,0.0,0.0,1.0
all,all_families,0.0,1.0,21254,-0.04960497508138162,-0.16402508121175494,0.0,0.1826479721464195,0.09043003669897431,-0.0005697194131890049,-0.004389829723116766,0.00044403658861490186,0.6262821116025219,0.03787522348734356,-0.0010873995016719186,-0.0052850388658949345,-0.00021861152060221537,-0.15838899630289166,-0.26306223141325474,-0.06710436590411197,0.13636363636363635,0.029411764705882353,0.3103448275862069,0.03627552460713278
all,all_families,9.999000099990002e-05,0.0,21254,0.0,0.0,0.028169014084507005,0.3226686741319281,0.6404441516890939,0.0,-6.60759476942799e-06,1.7077527098448194e-05,0.2561400207019855,0.45186788369248143,2.686449905400947e-07,0.0,1.812136076842376e-06,0.016948757703861547,0.0,0.04652915473067627,0.0,-0.043478260869565216,0.0,0.43822339324362475
all,all_families,9.999000099990002e-05,1.0,21254,-0.03472892147404971,-0.13636363636363635,0.0,0.20400865719393996,0.10421567704902607,-0.0005557495959333557,-0.004382446463812164,0.00045788136358359925,0.6228004140397102,0.04399171920579656,-0.0010865830865987754,-0.005283686605026388,-0.0002180506996012367,-0.11777171424897523,-0.22729494744555212,-0.03765961551326126,0.1,0.0,0.2727272727272727,0.04178037075374047
all,all_families,0.0002999100269919024,0.0,21254,0.0,0.0,0.04811078006500549,0.47167591982685614,0.4743577679495624,0.0,-3.560746332431273e-05,7.886849992113113e-05,0.34388820927825353,0.2565164204385057,3.74558632194042e-06,9.290043451200016e-08,9.25605174982191e-06,0.041693896219150844,0.005818080032136075,0.08615253974292048,-0.04,-0.08823529411764706,0.0,0.2398136821304225
all,all_families,0.0002999100269919024,1.0,21254,-0.02619047619047621,-0.10436691250268836,0.0,0.22663969135221607,0.11682506822245224,-0.0005233429650298577,-0.004333750370819414,0.00046253163385995884,0.6169191681565823,0.0520372635739155,-0.00108045590904111,-0.005273028278466784,-0.00020219831631514007,-0.07952104301633645,-0.1882847017173306,-0.025833528651825977,0.05714285714285714,0.0,0.21875,0.050484614660769735
all,all_families,0.0009990009990009992,0.0,21254,0.02458193069037265,0.0,0.08156028368794326,0.604027477180766,0.31641102851228003,0.0,-9.266981744045964e-05,0.00020861973325615605,0.38778582854992,0.12915215959348827,1.7954437719318017e-05,4.865274222676876e-06,3.834546876278471e-05,0.07567025303097757,0.030545732797633923,0.13704298312762964,-0.07407407407407407,-0.1523809523809524,0.0,0.1138609202973558
all,all_families,0.0009990009990009992,1.0,21254,-0.015572858731924377,-0.0703296703296703,0.004287045666356015,0.2657382139832502,0.13635080455443682,-0.00046741633924942544,-0.004232609495767388,0.0004497760836988647,0.589771337160064,0.07231579937894043,-0.0010548206995641867,-0.005251835217694206,-0.0001921065955476571,-0.044098705204285465,-0.12672340292205528,-0.01414535231191516,0.02702702702702703,0.0,0.13636363636363635,0.07015150089394938
all,all_families,0.0029910269192422734,0.0,21254,0.03278688524590162,0.0,0.1096597201248364,0.6618989366707443,0.22979203914557259,2.2478982151688358e-05,-0.00015773699984226314,0.00039335356487205423,0.3973369718641197,0.0828549920015056,4.9846751368965856e-05,1.4454178547507958e-05,0.00011318076453241516,0.10322071283511139,0.04661189073344317,0.1787272524821226,-0.10526315789473684,-0.2222222222222222,-0.027777777777777776,0.07302154888491579
all,all_families,0.0029910269192422734,1.0,21254,-0.008637873754152814,-0.045454545454545525,0.00879120879120876,0.2950973934318246,0.16585113390420628,-0.00040108601752437316,-0.004052129326306795,0.00047232721690431486,0.5717982497412252,0.0989931307048085,-0.0009897775802996086,-0.005154316498205457,-0.00017588244201640333,-0.024031612584258927,-0.07183693746337434,-0.007596706134006377,0.0,0.0,0.05,0.09739343182459773
all,all_families,0.009900990099009901,0.0,21254,0.04261223835845321,0.0,0.13385518590998036,0.679589724287193,0.17455537781123553,7.686749581072147e-05,-0.0002510886012382633,0.0007995189671007857,0.38261033217276746,0.05547191116966218,0.00011807844740028447,4.1064916079332006e-05,0.0002861165031516606,0.12726499021333437,0.05761561182097513,0.21286749809590552,-0.13043478260869565,-0.27586206896551724,-0.029411764705882353,0.05039051472663969
all,all_families,0.009900990099009901,1.0,21254,0.0,-0.02857142857142858,0.009045680687471802,0.30422508704243906,0.2302154888491578,-0.00018726591760299602,-0.003658892800590342,0.0003005957260753129,0.5312411781311753,0.17384962830526018,-0.0009032048035562523,-0.004941909378669574,-0.0001358195688569195,-0.011627603153077926,-0.03726423545098852,-0.00184731530836664,0.0,0.0,0.0,0.17126188011668392
all,all_families,0.029126213592233007,0.0,21254,0.044992302216210256,0.0,0.14426877945995253,0.685659170038581,0.14867789592547284,0.00015858227446627154,-0.00031688731814694213,0.0011988005264202933,0.3659546438317493,0.046438317493177755,0.00022182570971905733,6.719224442995532e-05,0.0005709986830833862,0.14080048374256235,0.06223424850120174,0.23260778947230132,-0.13636363636363635,-0.3,-0.029411764705882353,0.04295661993036605
all,all_families,0.029126213592233007,1.0,21254,0.0,-0.01978919151111136,0.008978283621140767,0.30177848875505786,0.29363884445280886,0.0,-0.003095786478796908,0.00013875949015798757,0.47948621435964994,0.2557165709984003,-0.0007830552002103136,-0.004576402949642865,0.0,-0.004923209923230726,-0.0207831094335929,0.0,0.0,0.0,0.0,0.25289357297449894
all,all_families,0.09090909090909091,0.0,21254,0.045454545454545414,0.0,0.15297157622739022,0.6953044132869107,0.12727016091088736,0.00021305136905231596,-0.0004757468233988135,0.00186495367218259,0.36524889432577395,0.042580220193845865,0.00041547437557444696,0.00011204008119223979,0.0011684601750684808,0.15030906457158372,0.06533232475592039,0.2455152428598153,-0.13636363636363635,-0.3076923076923077,-0.029777227722772276,0.0399924720052696
all,all_families,0.09090909090909091,1.0,21254,0.0,-0.012771184753943357,0.004244645957939386,0.269408111414322,0.39460807377434837,0.0,-0.0021502912414180213,0.0,0.4091935635645055,0.3700009409993413,-0.00046487438826568837,-0.0037797370574364163,0.0,-0.001156371075026863,-0.008422409081309853,0.0,0.0,0.0,0.0,0.3692481415263009
all,all_families,0.23076923076923075,0.0,21254,0.046511627906976716,0.0,0.1614920104050539,0.7077726545591418,0.11169662181236473,0.0002774021253862649,-0.000562560026787825,0.0024568101894214267,0.36214359649948247,0.03994542203820457,0.0006276938414426168,0.0001487508710656751,0.0020689030555453495,0.1547227996505003,0.06624947193628783,0.2542871961649222,-0.13636363636363635,-0.3103448275862069,-0.029777227722772276,0.038298673190928764
all,all_families,0.23076923076923075,1.0,21254,0.0,-0.0051282051282051655,0.0,0.216335748564976,0.5149618895266773,0.0,-0.001071898464708211,0.0,0.33316081678742826,0.498023901383269,-3.999303188388165e-05,-0.002554433717911374,0.0,-1.6946450993232665e-05,-0.0027789627876568385,0.0,0.0,0.0,0.0,0.4975534017126188
all,all_families,0.5,0.0,21254,0.04761904761904767,0.0,0.1686638124932136,0.7197703961607227,0.09988708007904394,0.00039712868467982473,-0.000546988565691079,0.0033536316329524393,0.3484520560835607,0.039333772466359274,0.0008983877537092085,0.0001763062075253734,0.003363505229120644,0.1572850966268428,0.06683722602558312,0.26008084125052244,-0.13636363636363635,-0.3103448275862069,-0.029777227722772276,0.03684012421191305
all,all_families,0.5,1.0,21254,0.0,0.0,0.0,0.13884445280888302,0.687823468523572,0.0,0.0,0.0,0.22066434553495812,0.6770019760986167,0.0,-0.0008235694162244873,0.0,0.0,-0.00023747945960585215,0.0,0.0,0.0,0.0,0.6766255763620965
all,all_families,0.75,0.0,21254,0.04825794541279621,0.0,0.1685071055598057,0.7257927919450456,0.09457043380069634,0.00048114363810627025,-0.0005198689645349664,0.003917135496082864,0.3465700574009598,0.03806342335560365,0.00100074786674918,0.0002086680585456542,0.004365418464816544,0.15827193993487365,0.06710436590411197,0.2625002785090653,-0.13636363636363635,-0.3103448275862069,-0.0297029702970297,0.03641667450832784
all,all_families,0.75,1.0,21254,0.0,0.0,0.0,0.0761268467112073,0.8267149712995201,0.0,0.0,0.0,0.126564411404912,0.822527524230733,0.0,0.0,0.0,0.0,0.0,0.0,0.0,0.0,0.0,0.822386374329538
all,all_families,0.9090909090909091,0.0,21254,0.048861283643892306,0.0,0.16579189910259517,0.7275336407264514,0.09198268561212007,0.0005245033416894783,-0.00047977490029242175,0.004243047725629523,0.340782911451962,0.038110473322668675,0.0010590074391170568,0.00021643393875187987,0.004984100873204274,0.15838899630289166,0.06710436590411197,0.26300848311715314,-0.13636363636363635,-0.3103448275862069,-0.029484566103669188,0.0363225745741978
all,all_families,0.9090909090909091,1.0,21254,0.0,0.0,0.0,0.03547567516702738,0.9215677049026065,0.0,0.0,0.0,0.059377058436059095,0.9199680060223958,0.0,0.0,0.0,0.0,0.0,0.0,0.0,0.0,0.0,0.9196857062200057
all,all_families,1.0,0.0,21254,0.04960497508138162,0.0,0.16402508121175494,0.7269219911546062,0.09043003669897431,0.0005697194131890049,-0.00044403658861490186,0.004389829723116766,0.33584266491013454,0.03787522348734356,0.0010873995016719186,0.00021861152060221537,0.0052850388658949345,0.15838899630289166,0.06710436590411197,0.26306223141325474,-0.13636363636363635,-0.3103448275862069,-0.029411764705882353,0.03627552460713278
all,all_families,1.0,1.0,21254,0.0,0.0,0.0,0.0,1.0,0.0,0.0,0.0,0.0,1.0,0.0,0.0,0.0,0.0,0.0,0.0,0.0,0.0,0.0,1.0
all,16S_rRNA,0.0,0.0,182,0.0,0.0,0.0,0.0,1.0,0.0,0.0,0.0,0.0,1.0,0.0,0.0,0.0,0.0,0.0,0.0,0.0,0.0,0.0,1.0
all,16S_rRNA,0.0,1.0,182,-0.16707279898420177,-0.2752179327521794,-0.07505331088664424,0.01098901098901099,0.005494505494505495,0.0004051996640973297,-0.0004999101784818113,0.0014678673594090298,0.41208791208791207,0.0,-0.0017411121720127087,-0.002456267647673376,-0.0004759653817993296,-0.23235558997457423,-0.2926540687201206,-0.1547772551275253,0.23705004389815626,0.1160655737704918,0.391304347826087,0.0
all,16S_rRNA,9.999000099990002e-05,0.0,182,0.07407407407407407,0.032728470561276424,0.09376665144249066,0.9065934065934066,0.07692307692307693,-9.300116702179234e-06,-4.3695006247733946e-05,2.9647907824133083e-05,0.5769230769230769,0.027472527472527472,3.239142852245931e-06,1.8299237965765622e-06,4.12794236980849e-06,0.10753573196782801,0.0748431012235028,0.1295113064982989,-0.09978703874791273,-0.1674237508111616,-0.061079545454545456,0.02197802197802198
all,16S_rRNA,9.999000099990002e-05,1.0,182,-0.08373869098290307,-0.18560606060606066,-0.027456289919016386,0.054945054945054944,0.02197802197802198,0.00046220753596275016,-0.0005026985592325212,0.001538340107293742,0.41208791208791207,0.0,-0.0017385938949496414,-0.0024551849330185435,-0.00047098065823874424,-0.11602701285019378,-0.17296544233309624,-0.056781350204985995,0.09933574879227053,0.039473684210526314,0.22388059701492538,0.0
all,16S_rRNA,0.0002999100269919024,0.0,182,0.10161204311009514,0.046358984765234826,0.17294520547945208,0.9340659340659341,0.04395604395604396,-2.2825749532398142e-05,-6.347317079766115e-05,3.413160489023774e-05,0.6153846153846154,0.016483516483516484,9.530935264345784e-06,5.770615955792777e-06,1.8472930347260238e-05,0.14573790552960064,0.10395526445144494,0.2170388201133654,-0.14460182145504605,-0.2692691740622748,-0.09090909090909091,0.016483516483516484
all,16S_rRNA,0.0002999100269919024,1.0,182,-0.0665721671880431,-0.10227272727272729,-0.014638846991788121,0.11538461538461539,0.01098901098901099,0.0004712324002824138,-0.000508221303852396,0.0014023253749889057,0.41208791208791207,0.0,-0.0017347642085980518,-0.0024514014192852556,-0.0004650873611837318,-0.06605291219601442,-0.08450560639033929,-0.03837061035256685,0.04838709677419355,0.01355979266938171,0.08712121212121213,0.0
all,16S_rRNA,0.0009990009990009992,0.0,182,0.12345679012345678,0.04705101693599373,0.16438356164383566,0.9395604395604396,0.038461538461538464,-2.9527385468335206e-05,-7.695538413779977e-05,6.998602713810756e-05,0.5879120879120879,0.005494505494505495,2.44911841785648e-05,1.3553914082168743e-05,3.9155002494667566e-05,0.17595662022689937,0.12360088032406538,0.2519331680770105,-0.19741248097412478,-0.3275048358712568,-0.10702702702702703,0.005494505494505495
all,16S_rRNA,0.0009990009990009992,1.0,182,-0.0396261373678129,-0.10656996988518726,-0.009602315101732123,0.14835164835164835,0.027472527472527472,0.0004066478129083903,-0.00045526577217230125,0.0014255381611376996,0.3956043956043956,0.01098901098901099,-0.0017063719497815032,-0.002441961268735281,-0.00045828380876964677,-0.037038571039362284,-0.04698241219907996,-0.01962653144022164,0.014492753623188406,0.0,0.03825692379909247,0.01098901098901099
all,16S_rRNA,0.0029910269192422734,0.0,182,0.1394521094435216,0.06474615717687807,0.19659385412810076,0.945054945054945,0.027472527472527472,4.69558276095048e-05,-0.00010923664070020683,0.00011950947776557267,0.42857142857142855,0.0,5.135639169830839e-05,2.8016129096310472e-05,6.279545485970842e-05,0.1947171034645839,0.13879001016594766,0.26052517814095716,-0.21494216166347313,-0.37464985326547073,-0.11492331940038933,0.0
all,16S_rRNA,0.0029910269192422734,1.0,182,-0.032775301727672,-0.07596951502494491,-0.001060028117607803,0.2087912087912088,0.038461538461538464,0.0003948586355562981,-0.00036175801922931107,0.001422858610513475,0.3901098901098901,0.01098901098901099,-0.0016969547948891867,-0.002438234098181349,-0.00041538166374652767,-0.026161120038016267,-0.03213591885791278,-0.011196030568995416,0.0,0.0,0.014084507042253521,0.01098901098901099
all,16S_rRNA,0.009900990099009901,0.0,182,0.14954661401489494,0.06428472094911677,0.21010736764161425,0.9505494505494505,0.02197802197802198,-0.0001222084917833564,-0.0004460803622902969,0.00017891784567816542,0.6538461538461539,0.0,9.149461829661089e-05,5.581077573362464e-05,0.00013294797277451376,0.21007459087071084,0.14727935826801852,0.2698469211783364,-0.21856340007024938,-0.391304347826087,-0.1160655737704918,0.0
all,16S_rRNA,0.009900990099009901,1.0,182,-0.02228624511444921,-0.05720810737385454,0.0,0.19230769230769232,0.07142857142857142,0.0002812843498030326,-0.0002604510528835499,0.0011130288669480386,0.3516483516483517,0.03296703296703297,-0.0016236667787786936,-0.002354966399586182,-0.0003474277026347304,-0.017228209563990154,-0.022813118005482025,-0.005770041481864316,0.0,0.0,0.0,0.03296703296703297
all,16S_rRNA,0.029126213592233007,0.0,182,0.15176880063905054,0.06131391433660457,0.22344189422117394,0.9395604395604396,0.03296703296703297,-0.0002245261382673191,-0.000688685471606072,0.00018613612815871118,0.6703296703296703,0.0,0.0002290525189527734,9.817252472020249e-05,0.0002797871653102542,0.21869192761792727,0.15261622033749966,0.27526169005749784,-0.23705004389815626,-0.391304347826087,-0.1160655737704918,0.0
all,16S_rRNA,0.029126213592233007,1.0,182,-0.015365595196043746,-0.04665304207987139,0.0,0.11538461538461539,0.15934065934065933,0.0002609231690418306,-0.00032531474171629114,0.0008920206066001827,0.32967032967032966,0.12637362637362637,-0.0014495926682009973,-0.002272939310855552,-0.0002840968977137276,-0.010749828422242952,-0.017392378662622776,-0.002240178873501933,0.0,0.0,0.0,0.12637362637362637
all,16S_rRNA,0.09090909090909091,0.0,182,0.16267564747177693,0.06461009567318657,0.26689945384546515,0.9505494505494505,0.02197802197802198,-0.0004894937793132059,-0.0014615824806545833,0.00022871421646605784,0.6263736263736264,0.0,0.0006484015164921116,0.000208769614466077,0.001052178711857742,0.22883786460033115,0.15261622033749966,0.28592502903023764,-0.23705004389815626,-0.391304347826087,-0.1160655737704918,0.0
all,16S_rRNA,0.09090909090909091,1.0,182,-0.008318478906714222,-0.01031156940308453,0.0,0.13736263736263737,0.19230769230769232,0.00024390943786048382,-0.0003627469910314002,0.00038299925001686157,0.2967032967032967,0.18681318681318682,-0.0010669363674418746,-0.0018683738387256725,-0.00015519399423225656,-0.0032402698211929093,-0.006729039689882976,-0.0005286340925625549,0.0,0.0,0.0,0.18681318681318682
all,16S_rRNA,0.23076923076923075,0.0,182,0.16511404622809245,0.0713745170357882,0.28478731074260993,0.9560439560439561,0.02197802197802198,-0.0005983607198850104,-0.0016778952931140738,0.00027798310703481155,0.6318681318681318,0.0,0.0010319847631570106,0.00029347093969437824,0.002243405454800715,0.23219274549443697,0.15437276807303868,0.2924660175079836,-0.23705004389815626,-0.391304347826087,-0.1160655737704918,0.0
all,16S_rRNA,0.23076923076923075,1.0,182,0.0,-0.005260162423381648,0.005630502889861194,0.2857142857142857,0.34615384615384615,0.0,-1.1151439857393607e-05,0.0002060839100639382,0.25274725274725274,0.33516483516483514,-0.00019162722832464672,-0.0012209230431246098,0.0,-0.00018805121213699705,-0.001250879144638506,0.0,0.0,0.0,0.0,0.33516483516483514
all,16S_rRNA,0.5,0.0,182,0.1649115012855937,0.07505331088664424,0.2799713492703017,0.978021978021978,0.005494505494505495,-0.0004051996640973297,-0.0016778952931140738,0.0003511516070631133,0.6098901098901099,0.0,0.0013801180936838203,0.0003883538433945923,0.0023113410486531303,0.23235558997457423,0.15459609977409436,0.2926370511053402,-0.23705004389815626,-0.391304347826087,-0.1160655737704918,0.0
all,16S_rRNA,0.5,1.0,182,0.0,0.0,0.0,0.23076923076923078,0.5384615384615384,0.0,0.0,0.00021586637414925183,0.15934065934065933,0.532967032967033,0.0,-0.00020903991053449064,0.0,0.0,-5.7600265631757575e-05,0.0,0.0,0.0,0.0,0.532967032967033
all,16S_rRNA,0.75,0.0,182,0.1666370737983641,0.07505331088664424,0.2799713492703017,0.978021978021978,0.005494505494505495,-0.00040225699920723755,-0.0016778952931140738,0.0004999101784818113,0.5824175824175825,0.0,0.0015453439241063338,0.0004759653817993296,0.0023113410486531303,0.23235558997457423,0.1547772551275253,0.2926370511053402,-0.23705004389815626,-0.391304347826087,-0.1160655737704918,0.0
all,16S_rRNA,0.75,1.0,182,0.0,0.0,0.0,0.18681318681318682,0.6758241758241759,0.0,0.0,0.00012821507009192455,0.08241758241758242,0.6593406593406593,0.0,-0.00013412193689713806,0.0,0.0,-1.331805804906383e-05,0.0,0.0,0.0,0.0,0.6593406593406593
all,16S_rRNA,0.9090909090909091,0.0,182,0.16707279898420177,0.07505331088664424,0.2752179327521794,0.978021978021978,0.005494505494505495,-0.0004051996640973297,-0.0014678673594090298,0.0004999101784818113,0.5879120879120879,0.0,0.0016940191213838341,0.0004759653817993296,0.00243528168798285,0.23235558997457423,0.1547772551275253,0.2926540687201206,-0.23705004389815626,-0.391304347826087,-0.1160655737704918,0.0
all,16S_rRNA,0.9090909090909091,1.0,182,0.0,0.0,0.0,0.08241758241758242,0.8626373626373627,0.0,0.0,0.0,0.02197802197802198,0.8626373626373627,0.0,0.0,0.0,0.0,0.0,0.0,0.0,0.0,0.0,0.8626373626373627
all,16S_rRNA,1.0,0.0,182,0.16707279898420177,0.07505331088664424,0.2752179327521794,0.9835164835164835,0.005494505494505495,-0.0004051996640973297,-0.0014678673594090298,0.0004999101784818113,0.5879120879120879,0.0,0.0017411121720127087,0.0004759653817993296,0.002456267647673376,0.23235558997457423,0.1547772551275253,0.2926540687201206,-0.23705004389815626,-0.391304347826087,-0.1160655737704918,0.0
all,16S_rRNA,1.0,1.0,182,0.0,0.0,0.0,0.0,1.0,0.0,0.0,0.0,0.0,1.0,0.0,0.0,0.0,0.0,0.0,0.0,0.0,0.0,0.0,1.0
all,5S_rRNA,0.0,0.0,11302,0.0,0.0,0.0,0.0,1.0,0.0,0.0,0.0,0.0,1.0,0.0,0.0,0.0,0.0,0.0,0.0,0.0,0.0,0.0,1.0
all,5S_rRNA,0.0,1.0,11302,-0.042788129744651404,-0.14011379800853485,0.0,0.20306140506105114,0.05229162980003539,-0.0009514936467976292,-0.005123497132144941,0.0,0.7468589630153956,0.007520792780038931,-0.0009534343107311725,-0.004932840664971212,-0.00021861152060221537,-0.163732783733246,-0.2764517097818878,-0.06764427716799282,0.14285714285714285,0.027777777777777776,0.34615384615384615,0.005839674393912582
all,5S_rRNA,9.999000099990002e-05,0.0,11302,0.0,0.0,0.03030303030303033,0.4125818439214298,0.5292868518846222,0.0,-1.4605043121389272e-05,3.843374790536008e-05,0.30649442576535124,0.3038400283135728,7.216506630790346e-07,0.0,2.1099792260585426e-06,0.02641901469825758,0.0,0.054500979345645906,-0.02631578947368421,-0.05555555555555555,0.0,0.2841974871704123
all,5S_rRNA,9.999000099990002e-05,1.0,11302,-0.029735355337496272,-0.1033426046474928,0.0,0.2267740222969386,0.06981065298177314,-0.0009454701984718745,-0.005072752960108967,0.0,0.7443815253937356,0.011325429127588037,-0.0009516582193063,-0.004929218962780025,-0.0002180506996012367,-0.11632367321924057,-0.23400315908108496,-0.0321778066705523,0.1,0.0,0.30303030303030304,0.009113431251105999
all,5S_rRNA,0.0002999100269919024,0.0,11302,0.00886841608262251,0.0,0.05633802816901401,0.5614050610511414,0.3594938948858609,0.0,-3.869419973945884e-05,9.224099497286576e-05,0.3662183684303663,0.15032737568571936,4.7581659061011715e-06,1.0695271294940457e-06,1.034787699602544e-05,0.05393802009749209,0.021867053041263365,0.09810804793869636,-0.05263157894736842,-0.10344827586206898,0.0,0.1303309148823217
all,5S_rRNA,0.0002999100269919024,1.0,11302,-0.021212121212121182,-0.07723699733710859,0.003042022300847741,0.25721111307733147,0.08414439922137674,-0.0009174311926605505,-0.005027438903881068,0.0,0.739161210405238,0.015041585560077862,-0.0009426562435790741,-0.004917913273983025,-0.00021267282032524693,-0.07062670198022414,-0.18507616901043852,-0.024278037769537353,0.05714285714285714,0.0,0.24,0.013625906919129358
all,5S_rRNA,0.0009990009990009992,0.0,11302,0.02857142857142858,0.0,0.08374384236453197,0.6654574411608565,0.22296938594938948,2.643037907771196e-05,-7.302521560695243e-05,0.000225215348740199,0.37267740222969387,0.07255353034861087,1.9172869202412898e-05,6.468011726383492e-06,3.891330766803895e-05,0.08696115212812405,0.03867044849918122,0.14654548493714845,-0.08823529411764706,-0.17619047619047618,-0.02631578947368421,0.059458502919837196
all,5S_rRNA,0.0009990009990009992,1.0,11302,-0.013080481504511299,-0.049603374957333066,0.008891358710752972,0.3083525039815962,0.0949389488586091,-0.000867935009026524,-0.004912864413924934,5.804129960918858e-05,0.7046540435321182,0.02459741638648027,-0.0009252927448359778,-0.00489161245708707,-0.00020111539486165208,-0.03628085757385305,-0.12113636721402224,-0.013665234497941936,0.0,0.0,0.13793103448275862,0.023181737745531766
all,5S_rRNA,0.0029910269192422734,0.0,11302,0.033333333333333326,0.0,0.1095890410958904,0.7018226862502212,0.1520084940718457,5.946835292485169e-05,-0.00011047108024934906,0.0003994570279136846,0.37506635993629445,0.04512475668023359,4.825666106570965e-05,1.4023511900200533e-05,0.0001113013906804444,0.11325890635536007,0.053185227864040674,0.1907304317963745,-0.12001589825119238,-0.25,-0.027777777777777776,0.036542204919483276
all,5S_rRNA,0.0029910269192422734,1.0,11302,-0.006338912619250764,-0.02921728056426333,0.01025290498974707,0.3476375862679172,0.11582020881259954,-0.0008127428378084981,-0.004798777552492622,5.804129960918858e-05,0.6921783755087595,0.03893116262608388,-0.0008613953924158462,-0.004730971830595798,-0.00018854859834030655,-0.01936780096537094,-0.06650147281840671,-0.007972452598217827,0.0,0.0,0.038461538461538464,0.03698460449477969
all,5S_rRNA,0.009900990099009901,0.0,11302,0.04088416828685493,0.0,0.1298904538341158,0.7108476375862679,0.10033622367722526,0.00013215189538855958,-0.00014581308151645793,0.0008127341566396416,0.34923022473898424,0.01902318173774553,0.00010921518069435076,4.3111466906345036e-05,0.00027318474222136655,0.13769636250020023,0.060475021668420045,0.22704050383594487,-0.1388888888888889,-0.311483245272525,-0.027777777777777776,0.015041585560077862
all,5S_rRNA,0.009900990099009901,1.0,11302,0.0,-0.01857763248561764,0.011298915746120575,0.3636524508936471,0.19235533533887808,-0.0006700687917197781,-0.004410962122453675,0.0,0.6434259423110954,0.1274995576004247,-0.0007766633648717861,-0.004482498870817579,-0.00015746409927739225,-0.009344620076803034,-0.03239839020807932,-0.002420206179939044,0.0,0.0,0.0,0.12334100159263847
all,5S_rRNA,0.029126213592233007,0.0,11302,0.04131192190893679,0.0,0.13401823196136603,0.7156255529994692,0.08184392142983543,0.0002597726492881224,-0.00013875949015798757,0.0012470528367468127,0.3136612988851531,0.010529109892054503,0.0001949257061711421,6.78825070255759e-05,0.0005432263310643407,0.15087828830190103,0.06456812392059386,0.24712032687887675,-0.1388888888888889,-0.34375,-0.027777777777777776,0.008228632100513184
all,5S_rRNA,0.029126213592233007,1.0,11302,0.0,-0.014324845755223262,0.012422360248447228,0.3685188462219076,0.24128472836666076,-0.0004332481414902876,-0.0038921323324993037,0.0,0.5806936825340647,0.20049548752433197,-0.0006708292435645387,-0.004102686785056592,-0.00010187422193206602,-0.004423498167242912,-0.017341518341088782,-0.00034473210872096316,0.0,0.0,0.0,0.1965138913466643
all,5S_rRNA,0.09090909090909091,0.0,11302,0.041292041292041226,0.0,0.13687223523289094,0.7232348256945673,0.06724473544505397,0.00041211467278094976,-0.00015735287506181644,0.002043830042264904,0.29968147230578657,0.009024951336046718,0.00034470427357087964,0.00011391926022071555,0.0010807526431144715,0.15936143772282085,0.06625529032567276,0.25956387352912696,-0.14285714285714285,-0.34615384615384615,-0.027777777777777776,0.0069014333746239605
all,5S_rRNA,0.09090909090909091,1.0,11302,0.0,-0.010954616588419341,0.010094637907137882,0.33224208104760217,0.3387011148469298,-1.4242985329725177e-05,-0.003003479967036815,0.0,0.5007963192355336,0.3091488232171297,-0.0004765568362332105,-0.0034656725012365804,0.0,-0.001258960965132755,-0.007413362011351177,0.0,0.0,0.0,0.0,0.30817554415147763
all,5S_rRNA,0.23076923076923075,0.0,11302,0.0425287356321839,0.0,0.1379427314836476,0.7327906565209698,0.0632631392673863,0.0005718416879954898,-0.00012498264129981928,0.002688285364683506,0.28446292691559016,0.007786232525216776,0.0005090694278229171,0.0001488454020435672,0.001940902610930234,0.16354251911282186,0.06672270149519684,0.2683426393209321,-0.14285714285714285,-0.3474080267558528,-0.027777777777777776,0.006193594054149708
all,5S_rRNA,0.23076923076923075,1.0,11302,0.0,-0.005506806626209622,0.003805175038051778,0.2678287028844452,0.4530171651035215,0.0,-0.001928260953683043,0.0,0.41382056273225976,0.43302070430012385,-0.0002257171130305275,-0.002454567054024028,0.0,-0.00016506952510275674,-0.0025652917869630337,0.0,0.0,0.0,0.0,0.4324013448947089
all,5S_rRNA,0.5,0.0,11302,0.04337899543378987,0.0,0.13749999999999996,0.744204565563617,0.05591930631746594,0.0008127341566396415,-5.286075815542381e-05,0.003605009609059602,0.26269686781100693,0.007520792780038931,0.0007412870582997183,0.00018292688441518473,0.0030581835689920036,0.16354251911282186,0.06764427716799282,0.2743517678420887,-0.14285714285714285,-0.3474080267558528,-0.027777777777777776,0.0059281543089718634
all,5S_rRNA,0.5,1.0,11302,0.0,0.0,0.0,0.17297823394089543,0.6420102636701469,0.0,-0.00029418797756106173,0.0,0.27490709608918773,0.6286497964961953,0.0,-0.0009705566462220492,0.0,0.0,-0.0003382167504048274,0.0,0.0,0.0,0.0,0.628207396920899
all,5S_rRNA,0.75,0.0,11302,0.042789663795498756,0.0,0.14084507042253513,0.7463280835250398,0.055299946912050965,0.0008566770909574821,-5.115681190296848e-05,0.004443244418452697,0.2621659883206512,0.0074323128649796495,0.0008795953925801831,0.00021861152060221537,0.003944038722969126,0.16365866791697062,0.06764427716799282,0.2761402417867437,-0.14285714285714285,-0.34615384615384615,-0.027777777777777776,0.005839674393912582
all,5S_rRNA,0.75,1.0,11302,0.0,0.0,0.0,0.096797027074854,0.7980888338347195,0.0,0.0,0.0,0.16262608387895947,0.7933109184215184,0.0,0.0,0.0,0.0,0.0,0.0,0.0,0.0,0.0,0.7931339585913998
all,5S_rRNA,0.9090909090909091,0.0,11302,0.04296455438006025,0.0,0.14072494669509594,0.7473898425057512,0.05335338878074677,0.000918455672950489,-1.891629418192599e-05,0.004877939126916334,0.25331799681472306,0.007697752610157494,0.000920154907676,0.00021861152060221537,0.004562159564272375,0.163732783733246,0.06764427716799282,0.2764149223786765,-0.14285714285714285,-0.34615384615384615,-0.027777777777777776,0.005839674393912582
all,5S_rRNA,0.9090909090909091,1.0,11302,0.0,0.0,0.0,0.04972571226331623,0.9034684126703239,0.0,0.0,0.0,0.07927800389311626,0.9020527340293754,0.0,0.0,0.0,0.0,0.0,0.0,0.0,0.0,0.0,0.9015218545390197
all,5S_rRNA,1.0,0.0,11302,0.042788129744651404,0.0,0.14011379800853485,0.7446469651389135,0.05229162980003539,0.0009514936467976292,0.0,0.005123497132144941,0.24562024420456557,0.007520792780038931,0.0009534343107311725,0.00021861152060221537,0.004932840664971212,0.163732783733246,0.06764427716799282,0.2764517097818878,-0.14285714285714285,-0.34615384615384615,-0.027777777777777776,0.005839674393912582
all,5S_rRNA,1.0,1.0,11302,0.0,0.0,0.0,0.0,1.0,0.0,0.0,0.0,0.0,1.0,0.0,0.0,0.0,0.0,0.0,0.0,0.0,0.0,0.0,1.0
all,RNaseP,0.0,0.0,36,0.0,0.0,0.0,0.0,1.0,0.0,0.0,0.0,0.0,1.0,0.0,0.0,0.0,0.0,0.0,0.0,0.0,0.0,0.0,1.0
all,RNaseP,0.0,1.0,36,-0.08426772671106472,-0.20001790189760113,-0.009947632309818266,0.1111111111111111,0.0,1.025894079513881e-05,-0.004059343108003743,0.0020465068759480164,0.4444444444444444,0.0,-0.0015299959424157454,-0.005888931957213307,-0.0003269800729857017,-0.18747983183084405,-0.29297130568716645,-0.08804077750771341,0.2053508150248051,0.04383659818442427,0.45372596153846156,0.0
all,RNaseP,9.999000099990002e-05,0.0,36,0.014744944977503088,0.0,0.054178908627711464,0.6111111111111112,0.3611111111111111,9.745993755382043e-06,-3.117953686101018e-05,4.4544211651101795e-05,0.4444444444444444,0.027777777777777776,1.4141297046380724e-06,7.410595361492635e-07,4.166257240451534e-06,0.05962681982064422,0.034696640760676106,0.11753083906318836,-0.058367071524966285,-0.13239723600283484,-0.03260869565217391,0.027777777777777776
all,RNaseP,9.999000099990002e-05,1.0,36,-0.03512043512043511,-0.17869005312389047,-0.00761805826083195,0.1388888888888889,0.0,-4.616523357814373e-06,-0.004083095682407923,0.0021876252961702466,0.5277777777777778,0.0,-0.0015253457797832627,-0.005885384960495936,-0.00032155817447538564,-0.09741766190017025,-0.16311489494392722,-0.04545355906016213,0.0784313725490196,0.016598360655737707,0.2584292763157895,0.0
all,RNaseP,0.0002999100269919024,0.0,36,0.023225363466005122,0.0,0.07409547152194208,0.6944444444444444,0.2222222222222222,-4.199867991445082e-06,-5.887226279008978e-05,0.0001102896013130566,0.5,0.0,8.622048784830537e-06,2.9473547963998595e-06,1.293502073266898e-05,0.10949854964044389,0.057617549772550486,0.18284091944783928,-0.13314536340852134,-0.20708897783251232,-0.04383659818442427,0.0
all,RNaseP,0.0002999100269919024,1.0,36,-0.02965508032376024,-0.14330572360336513,-0.00761805826083195,0.1111111111111111,0.027777777777777776,-1.0214527099548397e-05,-0.004015368582210359,0.002195975539263095,0.5,0.0,-0.001521884222926568,-0.0058784810656909966,-0.000308458376408706,-0.050534729736480294,-0.12856894974456629,-0.03365823288808005,0.02877846790890269,0.012701804368471036,0.16464646464646465,0.0
all,RNaseP,0.0009990009990009992,0.0,36,0.047668997668997654,0.0,0.08946619265555195,0.7222222222222222,0.16666666666666666,2.473079949575404e-05,-0.00010161687301370485,0.00025317548856776135,0.4722222222222222,0.0,2.1467638053563705e-05,1.0866729674165213e-05,2.738608592060943e-05,0.12818201727791778,0.06429027069785698,0.21989859250595953,-0.1732429718875502,-0.2926438962681847,-0.04383659818442427,0.0
all,RNaseP,0.0009990009990009992,1.0,36,-0.023419515784561834,-0.11183095083522818,-0.0038612654111908895,0.19444444444444445,0.05555555555555555,-2.3595563828821692e-05,-0.00428995143367412,0.002218108347395126,0.5,0.027777777777777776,-0.0015117578262913737,-0.005866647350355513,-0.00030167966857778966,-0.0352982133347914,-0.07226668924642295,-0.010376783041370588,0.012347560975609757,0.0,0.07799389778794813,0.027777777777777776
all,RNaseP,0.0029910269192422734,0.0,36,0.062479958670324576,0.007575757575757583,0.11266045548654252,0.75,0.027777777777777776,0.00011438718986580589,-0.00018197728009735964,0.0003616276630286769,0.4166666666666667,0.0,3.2424939102124826e-05,1.8519669983652992e-05,8.409702533312994e-05,0.15106447960370056,0.06868841560303036,0.2504938741495332,-0.18636025583816748,-0.3886872353297036,-0.04383659818442427,0.0
all,RNaseP,0.0029910269192422734,1.0,36,-0.013402179121782265,-0.06802721088435373,-0.001161440185830448,0.16666666666666666,0.08333333333333333,0.00043556271743053557,-0.0044050255971591415,0.0023592462245576287,0.3888888888888889,0.027777777777777776,-0.0014417520513718702,-0.005853536456864554,-0.0002869344525362813,-0.021560159431802284,-0.050197862545324656,-0.007818900119925254,0.0,0.0,0.033424908424908424,0.027777777777777776
all,RNaseP,0.009900990099009901,0.0,36,0.0444996610774509,0.0027213352685050984,0.14854172597602755,0.75,0.1111111111111111,3.919876216311891e-05,-0.0002986057395659979,0.00044323708549235384,0.4444444444444444,0.0,8.1083410050225e-05,5.025233306559875e-05,0.00017920398301446698,0.16413780425195967,0.07627587813603272,0.26589747376468204,-0.2053508150248051,-0.4378109325521835,-0.04383659818442427,0.0
all,RNaseP,0.009900990099009901,1.0,36,-0.012255827833294541,-0.04488196330642519,-0.005748618712389977,0.16666666666666666,0.05555555555555555,0.0003125373536493961,-0.0034880185844402807,0.00232324784027771,0.3888888888888889,0.027777777777777776,-0.00135039722138767,-0.005723910425080348,-0.00025767760803233525,-0.012762431487225778,-0.02630304116246035,-0.0023094111251844573,0.0,0.0,0.002976190476190476,0.027777777777777776
all,RNaseP,0.029126213592233007,0.0,36,0.08065206992203336,0.003347765162829086,0.1523809523809524,0.7777777777777778,0.1388888888888889,0.00020204580005440563,-0.0007106864521403062,0.0006610270622426433,0.4444444444444444,0.0,0.00016886889970155186,6.0967699871475214e-05,0.00032349069238700006,0.17239186965002656,0.07972271338831641,0.27163652837557944,-0.2053508150248051,-0.45372596153846156,-0.04383659818442427,0.0
all,RNaseP,0.029126213592233007,1.0,36,-0.010245883900151631,-0.03809523809523807,-0.005106476139160238,0.1111111111111111,0.08333333333333333,0.0003125373536493961,-0.003250037202920133,0.0020249059739175725,0.3888888888888889,0.027777777777777776,-0.0012494864983931416,-0.005521821012812378,-0.0002218855166570656,-0.00827981477100545,-0.015500886472332588,-0.0008441528023706568,0.0,0.0,0.0,0.027777777777777776
all,RNaseP,0.09090909090909091,0.0,36,0.08234601071082251,0.00761805826083195,0.17575757575757575,0.8333333333333334,0.027777777777777776,-1.025894079513881e-05,-0.0011972536714318384,0.00037629084748364103,0.5277777777777778,0.0,0.0004520643507668577,0.00011154051434284865,0.0007688323075546377,0.18351950935059658,0.0870831450583208,0.2825687767487731,-0.2053508150248051,-0.45372596153846156,-0.04383659818442427,0.0
all,RNaseP,0.09090909090909091,1.0,36,-0.011775762936753642,-0.03467127918871943,0.0,0.1111111111111111,0.25,0.0,-0.003384469864823038,0.0015286658472863025,0.3611111111111111,0.2222222222222222,-0.0010478654439348553,-0.004871683085641778,-0.00012996643494420492,-0.0013250821618134567,-0.009099977099765823,-0.0005250764414719278,0.0,0.0,0.0,0.2222222222222222
all,RNaseP,0.23076923076923075,0.0,36,0.09043961359985572,0.00761805826083195,0.17859327217125384,0.8611111111111112,0.027777777777777776,-0.00026798455022523037,-0.0011046339852201696,0.0001420987341150925,0.6666666666666666,0.0,0.000727155713658517,0.000152494020093667,0.0013391442202960336,0.18453090363404856,0.08744356753362689,0.28939935485827556,-0.2053508150248051,-0.45372596153846156,-0.04383659818442427,0.0
all,RNaseP,0.23076923076923075,1.0,36,-0.005201029906912291,-0.022780631283496194,0.0,0.08333333333333333,0.3055555555555556,0.0,-0.003596262909459231,0.0004369606418041088,0.3888888888888889,0.3055555555555556,-0.0007600971624931564,-0.0039833247266670025,0.0,-0.0012486429496385842,-0.005452829984736826,0.0,0.0,0.0,0.0,0.3055555555555556
all,RNaseP,0.5,0.0,36,0.0907167901644457,0.009947632309818266,0.19661654135338344,0.8888888888888888,0.0,-0.00011276657352629984,-0.0020465068759480164,0.003216558644571143,0.5833333333333334,0.0,0.0011493055843519553,0.0002954705856787551,0.003497613972176845,0.18682307569497436,0.08804077750771341,0.291911912851275,-0.2053508150248051,-0.45372596153846156,-0.04383659818442427,0.0
all,RNaseP,0.5,1.0,36,0.0,-0.007614424605404679,0.0,0.027777777777777776,0.5833333333333334,0.0,-0.0006432658281280358,0.0,0.2777777777777778,0.5833333333333334,0.0,-0.0015734802387715064,0.0,0.0,-0.0007135346893241135,0.0,0.0,0.0,0.0,0.5833333333333334
all,RNaseP,0.75,0.0,36,0.08014631206333431,0.009947632309818266,0.19828320802005012,0.8888888888888888,0.0,-0.00011276657352629984,-0.0020465068759480164,0.003216558644571143,0.5833333333333334,0.0,0.0015299959424157454,0.0003055362749285716,0.004829259489952015,0.1872837078618565,0.08804077750771341,0.29297130568716645,-0.2053508150248051,-0.45372596153846156,-0.04383659818442427,0.0
all,RNaseP,0.75,1.0,36,0.0,-0.001196172248803834,0.0,0.027777777777777776,0.7222222222222222,0.0,0.0,0.0,0.19444444444444445,0.7222222222222222,0.0,-0.0005839817724733942,0.0,0.0,-1.3154596613329517e-05,0.0,0.0,0.0,0.0,0.7222222222222222
all,RNaseP,0.9090909090909091,0.0,36,0.08219164097433487,0.009947632309818266,0.19914179387863598,0.8888888888888888,0.0,-1.025894079513881e-05,-0.0020465068759480164,0.0033671441276110392,0.5555555555555556,0.0,0.0015299959424157454,0.0003269800729857017,0.005459497286109791,0.18743480413656538,0.08804077750771341,0.29297130568716645,-0.2053508150248051,-0.45372596153846156,-0.04383659818442427,0.0
all,RNaseP,0.9090909090909091,1.0,36,0.0,-0.0005602240896358524,0.0,0.027777777777777776,0.7222222222222222,0.0,0.0,0.0,0.19444444444444445,0.7222222222222222,0.0,-0.0004117315229305305,0.0,0.0,-1.3154596613329517e-05,0.0,0.0,0.0,0.0,0.7222222222222222
all,RNaseP,1.0,0.0,36,0.08426772671106472,0.009947632309818266,0.20001790189760113,0.8888888888888888,0.0,-1.025894079513881e-05,-0.0020465068759480164,0.004059343108003743,0.5555555555555556,0.0,0.0015299959424157454,0.0003269800729857017,0.005888931957213307,0.18747983183084405,0.08804077750771341,0.29297130568716645,-0.2053508150248051,-0.45372596153846156,-0.04383659818442427,0.0
all,RNaseP,1.0,1.0,36,0.0,0.0,0.0,0.0,1.0,0.0,0.0,0.0,0.0,1.0,0.0,0.0,0.0,0.0,0.0,0.0,0.0,0.0,0.0,1.0
all,SRP,0.0,0.0,407,0.0,0.0,0.0,0.0,1.0,0.0,0.0,0.0,0.0,1.0,0.0,0.0,0.0,0.0,0.0,0.0,0.0,0.0,0.0,1.0
all,SRP,0.0,1.0,407,-0.03636363636363635,-0.09366691775965968,-0.003607503607503601,0.09090909090909091,0.12285012285012285,-0.000517609032344953,-0.003670129178923766,0.000452321574429244,0.6363636363636364,0.0343980343980344,-0.0006670092087504265,-0.0022314338336098132,-0.00014693966913460716,-0.13633556985006084,-0.2569051030478301,-0.07252700994999758,0.1,0.03260869565217391,0.27472527472527475,0.0343980343980344
all,SRP,9.999000099990002e-05,0.0,407,0.011049723756906049,0.0,0.04225561672370186,0.5823095823095823,0.3538083538083538,0.0,-1.4935271221509673e-05,2.3320239986716548e-05,0.33415233415233414,0.21375921375921375,1.2943531251266381e-06,2.373223252665416e-07,2.9521329685045676e-06,0.05094476338612541,0.016677882109172204,0.08946453879976485,-0.03529411764705881,-0.07525252525252524,0.0,0.20147420147420148
all,SRP,9.999000099990002e-05,1.0,407,-0.015997538840178405,-0.0496580027359782,0.0,0.15724815724815724,0.1597051597051597,-0.0005871968142181962,-0.0034964600607849867,0.00048379218927984877,0.628992628992629,0.03931203931203931,-0.0006582773951109077,-0.00222519959205454,-0.00014373453246099816,-0.06810878711832491,-0.18277069990737252,-0.024717944155578986,0.047619047619047616,0.0,0.19782608695652176,0.03931203931203931
all,SRP,0.0002999100269919024,0.0,407,0.02079904234625163,0.0,0.06153846153846154,0.6437346437346437,0.28501228501228504,0.0,-3.970108294867468e-05,6.767426122264832e-05,0.4152334152334152,0.13022113022113022,4.723081469939829e-06,1.646236841618045e-06,1.0570581076969323e-05,0.07226799946197221,0.03393279529335727,0.11995401233444017,-0.056818181818181816,-0.12407407407407407,-0.019380365067696602,0.12285012285012285
all,SRP,0.0002999100269919024,1.0,407,-0.007550644567219211,-0.033801814623732426,0.0,0.20638820638820637,0.14742014742014742,-0.0005431976835536801,-0.0035524899725583718,0.0004727192253890148,0.6191646191646192,0.03931203931203931,-0.0006377234790051388,-0.0021936543756168533,-0.00013721208038071456,-0.03745656238140771,-0.1307303603078656,-0.013947339861100028,0.012987012987012988,0.0,0.14084507042253522,0.03931203931203931
all,SRP,0.0009990009990009992,0.0,407,0.027432216905901113,0.0,0.08652785123373358,0.7051597051597052,0.19901719901719903,3.260064759252543e-05,-3.266936733434256e-05,0.00026173301128418127,0.3464373464373464,0.08845208845208845,1.5930085626860747e-05,5.038754843857622e-06,4.0097764469493363e-05,0.09402451731993905,0.05211757131985231,0.17179337857451174,-0.07216494845360824,-0.1999732691793638,-0.022727272727272728,0.08845208845208845
all,SRP,0.0009990009990009992,1.0,407,-0.002768549280177224,-0.018565167088169243,0.0022223430404064576,0.28255528255528256,0.16953316953316952,-0.000516614062234774,-0.003276519913850598,0.00050508246061472,0.6191646191646192,0.05896805896805897,-0.0006332684176712023,-0.0021631663352723735,-0.0001280038591321907,-0.01751674047708468,-0.06088239841772171,-0.005882949785791569,0.0,0.0,0.040270270270270275,0.05896805896805897
all,SRP,0.0029910269192422734,0.0,407,0.028455284552845517,0.0,0.09230769230769231,0.714987714987715,0.171990171990172,5.098854032556388e-05,-4.596011697737684e-05,0.0003976144823669035,0.343980343980344,0.0687960687960688,2.9896337266919294e-05,9.973385128729518e-06,9.451941622876418e-05,0.11204271562310555,0.05650751755782335,0.2188618038817775,-0.08823529411764706,-0.24665655735978603,-0.029557367501456027,0.0687960687960688
all,SRP,0.0029910269192422734,1.0,407,-0.0025601638504865187,-0.013607594936708933,0.0032313980684212373,0.29238329238329236,0.17936117936117937,-0.0004905373524267333,-0.0033119073645705164,0.0005050318762167228,0.5995085995085995,0.0687960687960688,-0.0006008326810214514,-0.002136898822281297,-0.00012082206156972782,-0.011580187320756441,-0.02993156322461689,-0.0033013920899271354,0.0,0.0,0.0,0.0687960687960688
all,SRP,0.009900990099009901,0.0,407,0.03045685279187821,0.0,0.09230769230769231,0.6977886977886978,0.1547911547911548,0.00010774838393363202,-7.123812650494145e-05,0.0005499518151633738,0.3538083538083538,0.056511056511056514,6.106860207182805e-05,1.8505178242994163e-05,0.0001721082691315689,0.12048992957726834,0.06399551435569556,0.22735058361735636,-0.09411764705882353,-0.2682055100521221,-0.0324260752688172,0.056511056511056514
all,SRP,0.009900990099009901,1.0,407,-0.0006849315068493123,-0.011695906432748537,0.001793083837147491,0.27764127764127766,0.21867321867321868,-0.0004885328550384435,-0.002917994700059626,0.00029050377886627216,0.5724815724815725,0.11056511056511056,-0.0005796930859440244,-0.002124182031465257,-9.29899031570492e-05,-0.0055700985425739535,-0.01721834572659657,-0.0014200643774369137,0.0,0.0,0.0,0.11056511056511056
all,SRP,0.029126213592233007,0.0,407,0.03181818181818183,0.0,0.09054135540491232,0.7125307125307125,0.14496314496314497,0.00011542074036580965,-0.00012435407345866035,0.0006890796519126538,0.37346437346437344,0.05405405405405406,0.00011221415215432841,2.8933687034674678e-05,0.0003047266375806096,0.12877098110960708,0.06787625268904734,0.23684902515281736,-0.1,-0.27472527472527475,-0.03260869565217391,0.05405405405405406
all,SRP,0.029126213592233007,1.0,407,0.0,-0.01023643601504537,0.0036206942315678003,0.29975429975429974,0.24078624078624078,-0.00017122728763669433,-0.0028390143196274976,0.0001583569891844697,0.5601965601965602,0.14987714987714987,-0.0005298033635921674,-0.0019745097692262024,-6.428487212893603e-05,-0.002938967944637161,-0.009460485069819419,-0.0004443289386150129,0.0,0.0,0.0,0.14987714987714987
all,SRP,0.09090909090909091,0.0,407,0.03181818181818183,0.0,0.09330525993863653,0.7174447174447175,0.14742014742014742,0.00015252415170740946,-0.00041626317651130085,0.0013298559476457143,0.36609336609336607,0.04668304668304668,0.00020543439234530593,5.084074686534677e-05,0.0006657580850259566,0.13561803934654254,0.06904228887929098,0.24886342248468518,-0.1,-0.27472527472527475,-0.03260869565217391,0.04668304668304668
all,SRP,0.09090909090909091,1.0,407,0.0,-0.0067423460612314745,0.0,0.2334152334152334,0.36855036855036855,0.0,-0.0024755548090755735,4.522104044569846e-05,0.44717444717444715,0.2972972972972973,-0.0003643406901706024,-0.001822439188533493,0.0,-0.0009765500205173305,-0.004763920385550291,0.0,0.0,0.0,0.0,0.2972972972972973
all,SRP,0.23076923076923075,0.0,407,0.03181818181818183,0.0,0.09486050738813029,0.7272727272727273,0.1547911547911548,0.00025680534155110416,-0.0004154343950428952,0.0019073036464369916,0.35872235872235875,0.04176904176904177,0.00033169803920253267,8.549255293969588e-05,0.001067730730146114,0.13603142626808168,0.07252700994999758,0.25361051479571756,-0.1,-0.27472527472527475,-0.03260869565217391,0.04176904176904177
all,SRP,0.23076923076923075,1.0,407,0.0,-0.004077893595098206,0.0,0.19656019656019655,0.4594594594594595,0.0,-0.001451497460977962,0.0,0.3832923832923833,0.40786240786240785,-0.00014681859866017306,-0.0012855981373059407,0.0,-0.00016629710836968403,-0.0016211801873804443,0.0,0.0,0.0,0.0,0.40786240786240785
all,SRP,0.5,0.0,407,0.03463203463203457,0.0,0.09361516376989759,0.7444717444717445,0.14987714987714987,0.00035208788113513106,-0.00043302311115771936,0.0029206447761848217,0.3538083538083538,0.036855036855036855,0.000447097164612825,0.00012316397475153583,0.001992029549920123,0.13631051330567473,0.07252700994999758,0.2569051030478301,-0.1,-0.27472527472527475,-0.03260869565217391,0.036855036855036855
all,SRP,0.5,1.0,407,0.0,0.0,0.0,0.12285012285012285,0.6707616707616708,0.0,-0.00014936775173887652,0.0,0.2702702702702703,0.6314496314496314,0.0,-0.0005209501857895856,0.0,0.0,-0.0002439878622639835,0.0,0.0,0.0,0.0,0.6314496314496314
all,SRP,0.75,0.0,407,0.033333333333333326,0.0030007980845969673,0.09366691775965968,0.7837837837837838,0.12285012285012285,0.00042553230472693564,-0.000511964900689212,0.003447874199184624,0.35626535626535627,0.0343980343980344,0.0005336399550790082,0.00013683447736000283,0.0021766161578903372,0.13633556985006084,0.07252700994999758,0.2569051030478301,-0.1,-0.27472527472527475,-0.03260869565217391,0.0343980343980344
all,SRP,0.75,1.0,407,0.0,0.0,0.0,0.0687960687960688,0.8353808353808354,0.0,0.0,0.0,0.14987714987714987,0.8132678132678133,0.0,0.0,0.0,0.0,0.0,0.0,0.0,0.0,0.0,0.8132678132678133
all,SRP,0.9090909090909091,0.0,407,0.03636363636363635,0.003607503607503601,0.09366691775965968,0.7862407862407862,0.12285012285012285,0.00048132263727472725,-0.0004615334387855653,0.003447874199184624,0.33415233415233414,0.0343980343980344,0.0006429614548602537,0.00014693966913460716,0.0022314338336098132,0.13633556985006084,0.07252700994999758,0.2569051030478301,-0.1,-0.27472527472527475,-0.03260869565217391,0.0343980343980344
all,SRP,0.9090909090909091,1.0,407,0.0,0.0,0.0,0.0343980343980344,0.914004914004914,0.0,0.0,0.0,0.08108108108108109,0.8968058968058968,0.0,0.0,0.0,0.0,0.0,0.0,0.0,0.0,0.0,0.8968058968058968
all,SRP,1.0,0.0,407,0.03636363636363635,0.003607503607503601,0.09366691775965968,0.7862407862407862,0.12285012285012285,0.000517609032344953,-0.000452321574429244,0.003670129178923766,0.32923832923832924,0.0343980343980344,0.0006670092087504265,0.00014693966913460716,0.0022314338336098132,0.13633556985006084,0.07252700994999758,0.2569051030478301,-0.1,-0.27472527472527475,-0.03260869565217391,0.0343980343980344
all,SRP,1.0,1.0,407,0.0,0.0,0.0,0.0,1.0,0.0,0.0,0.0,0.0,1.0,0.0,0.0,0.0,0.0,0.0,0.0,0.0,0.0,0.0,1.0
all,group_I_intron,0.0,0.0,83,0.0,0.0,0.0,0.0,1.0,0.0,0.0,0.0,0.0,1.0,0.0,0.0,0.0,0.0,0.0,0.0,0.0,0.0,0.0,1.0
all,group_I_intron,0.0,1.0,83,-0.11388888888888882,-0.1833421310522188,-0.07597623089983019,0.0,0.0,-0.0004066341725116518,-0.003929162616077769,0.0004324082427826437,0.6746987951807228,0.0,-0.0006575483705418696,-0.0030450684775665923,-0.0002632309649154173,-0.184994225079132,-0.24034493737378915,-0.1140999174244669,0.18571428571428572,0.09026870007262164,0.2844606164383562,0.0
all,group_I_intron,9.999000099990002e-05,0.0,83,0.04729404979332885,0.028568123987971317,0.09275368317431704,0.9518072289156626,0.024096385542168676,1.9096559147251634e-05,-1.5944419673322185e-05,5.1210300586174975e-05,0.3614457831325301,0.060240963855421686,2.015874306829114e-06,1.1754069387195818e-06,3.427970333213142e-06,0.08110285000282119,0.05976431298468736,0.11949847524617518,-0.07296849087893864,-0.12655295646523718,-0.03981544771018455,0.024096385542168676
all,group_I_intron,9.999000099990002e-05,1.0,83,-0.044009458749343144,-0.1056009358271055,-0.02332176220729537,0.060240963855421686,0.012048192771084338,-0.0003554238719254768,-0.0039760951755200375,0.00043682828139800125,0.6506024096385542,0.0,-0.0006492727508344622,-0.0030384659150140677,-0.0002567167164027616,-0.08102364662371708,-0.12557254848137953,-0.037655089812755504,0.058823529411764705,0.025974025974025976,0.14925373134328357,0.0
all,group_I_intron,0.0002999100269919024,0.0,83,0.06483075157773954,0.03515301902398682,0.10752266460543086,0.9518072289156626,0.03614457831325301,2.0404933640888576e-05,-3.9402505876495546e-05,6.870275070310983e-05,0.37349397590361444,0.0,5.823806859498097e-06,3.1836765319959094e-06,9.214011292520803e-06,0.11201767215961789,0.07733698215096502,0.15337398044402037,-0.127832473824035,-0.15739961162846736,-0.053428257375625794,0.0
all,group_I_intron,0.0002999100269919024,1.0,83,-0.038995880042157705,-0.06805648734466341,-0.01699591894155439,0.08433734939759036,0.0,-0.0003414020039078337,-0.003970482238638068,0.00035736762121228304,0.6385542168674698,0.0,-0.0006393858615290123,-0.0030237923198302335,-0.0002527855887544681,-0.052353679897512384,-0.08630741438732296,-0.031212674856349376,0.04819277108433735,0.012987012987012988,0.09090909090909091,0.0
all,group_I_intron,0.0009990009990009992,0.0,83,0.08425249169435217,0.048183985518145706,0.11967288728858005,0.9879518072289156,0.0,4.86975831389488e-05,-2.2580864377609762e-05,0.00010546883335009862,0.3132530120481928,0.0,1.6357355303943974e-05,1.0334341508518103e-05,2.534947291712632e-05,0.12997444672988123,0.09244873560591588,0.17752522284449096,-0.14285714285714285,-0.19666693459796908,-0.0716963651281568,0.0
all,group_I_intron,0.0009990009990009992,1.0,83,-0.022727272727272707,-0.04940258334638775,-0.01037143985545208,0.13253012048192772,0.024096385542168676,-0.00030116533916155317,-0.003917987462210979,0.0004928716314032163,0.6265060240963856,0.0,-0.0006336443547184849,-0.0030005601217697455,-0.0002451639457851909,-0.028332136046510137,-0.049095468928410727,-0.0194459324700077,0.01818181818181818,0.01162947937795808,0.05676328502415459,0.0
all,group_I_intron,0.0029910269192422734,0.0,83,0.10208647217276173,0.05161290322580647,0.13382144544166272,0.9879518072289156,0.0,9.409979131094672e-05,8.357978884687245e-06,0.00017837573122429236,0.2289156626506024,0.0,3.765842162286677e-05,2.1740577215297768e-05,6.238114032373599e-05,0.15628048636496697,0.09617142970454545,0.19754576417373418,-0.1543053960964409,-0.25534870797443737,-0.07901438786938916,0.0
all,group_I_intron,0.0029910269192422734,1.0,83,-0.018104776579352944,-0.03361344537815125,-0.003186669897750072,0.1686746987951807,0.04819277108433735,-0.0003090907428236994,-0.003816644148195313,0.0004678025293485508,0.5903614457831325,0.0,-0.0006275542581794843,-0.002972116672731561,-0.00022169191064965918,-0.01869726897586238,-0.03645020319807629,-0.010073773209383408,0.011904761904761904,0.0,0.02817460317460317,0.0
all,group_I_intron,0.009900990099009901,0.0,83,0.10340136054421767,0.06079404466501237,0.14771777610370262,0.9879518072289156,0.0,0.00012706870498988216,-0.000141731118574948,0.0002792499150971149,0.3373493975903614,0.0,8.019711824631293e-05,4.50952066921318e-05,0.0001439993055990277,0.16198221502476723,0.1082619880171384,0.21288780166592575,-0.16300745650372825,-0.27309335935203805,-0.09026870007262164,0.0
all,group_I_intron,0.009900990099009901,1.0,83,-0.014569842738205385,-0.026249155208477926,0.0,0.21686746987951808,0.08433734939759036,-0.0002159333691318108,-0.003692439624114266,0.00013322300250397622,0.5903614457831325,0.03614457831325301,-0.0005346714374309608,-0.0029268224774217184,-0.00014478388177356424,-0.010197737239076632,-0.02078239474239424,-0.004078492923150379,0.0,0.0,0.015640273704789834,0.03614457831325301
all,group_I_intron,0.029126213592233007,0.0,83,0.10340136054421767,0.06828655215751989,0.16096488726786967,1.0,0.0,6.410237872842071e-05,-0.00011992696649151759,0.0006972722422875755,0.3493975903614458,0.0,0.0001694115688393258,9.154490536815175e-05,0.0003153886033352449,0.17287928551957954,0.1102778380627257,0.2281495279239138,-0.18571428571428572,-0.2844606164383562,-0.09026870007262164,0.0
all,group_I_intron,0.029126213592233007,1.0,83,-0.007689678742310302,-0.016340534788398586,0.0,0.2289156626506024,0.1566265060240964,-0.00015340802454528405,-0.0027587624604209432,2.871903888933703e-05,0.5903614457831325,0.14457831325301204,-0.0004263416268691204,-0.0027840245441308163,-6.364879256090538e-05,-0.004362331209012249,-0.01311427875064386,-0.0010196566143957364,0.0,0.0,0.0,0.14457831325301204
all,group_I_intron,0.09090909090909091,0.0,83,0.108843537414966,0.07597623089983019,0.1630434782608696,1.0,0.0,0.00017854978617310455,-0.0003158549018976584,0.0008734834522914606,0.3614457831325301,0.0,0.0003556963516590208,0.00013466666819678157,0.0006086049987690524,0.18146762796501126,0.11120787624844394,0.23423211498681093,-0.18571428571428572,-0.2844606164383562,-0.09026870007262164,0.0
all,group_I_intron,0.09090909090909091,1.0,83,-0.003447954524275487,-0.01066555898696786,0.0,0.1566265060240964,0.3253012048192771,0.0,-0.0025070205647833017,0.0,0.43373493975903615,0.3253012048192771,-0.00026869378198125224,-0.0023735545650253225,0.0,-0.000833762106437208,-0.006505444237124874,0.0,0.0,0.0,0.0,0.3253012048192771
all,group_I_intron,0.23076923076923075,0.0,83,0.11229149193924148,0.07597623089983019,0.17032967032967036,1.0,0.0,0.0001335705801256518,-0.000439494370904605,0.0009717444026346492,0.39759036144578314,0.0,0.00045235560780626646,0.00014880065438258538,0.0011670184901226145,0.18349263940417404,0.11387617291570795,0.23667824346432376,-0.18571428571428572,-0.2844606164383562,-0.09026870007262164,0.0
all,group_I_intron,0.23076923076923075,1.0,83,0.0,-0.006778321655265429,0.0,0.1686746987951807,0.4578313253012048,0.0,-0.0016457766132922016,0.0,0.37349397590361444,0.4578313253012048,-0.00010416560881144486,-0.0014307695855953224,0.0,-1.7290272553760477e-05,-0.0017657090524844654,0.0,0.0,0.0,0.0,0.4578313253012048
all,group_I_intron,0.5,0.0,83,0.11388888888888882,0.07597623089983019,0.17296753083312358,1.0,0.0,0.0004031306425586261,-0.0007495611434256461,0.0018991204800315443,0.3614457831325301,0.0,0.0005683136935897502,0.00017348185058273984,0.002104954888194527,0.1845236504272142,0.1140999174244669,0.2391178639107357,-0.18571428571428572,-0.2844606164383562,-0.09026870007262164,0.0
all,group_I_intron,0.5,1.0,83,0.0,0.0,0.0,0.14457831325301204,0.6626506024096386,0.0,-5.4672008747521554e-05,0.0,0.25301204819277107,0.6626506024096386,0.0,-0.0003679669922003601,0.0,0.0,-0.00016415139815642577,0.0,0.0,0.0,0.0,0.6626506024096386
all,group_I_intron,0.75,0.0,83,0.11388888888888882,0.07597623089983019,0.18098019008359095,1.0,0.0,0.0004066341725116518,-0.0004324082427826437,0.002730662241379465,0.3493975903614458,0.0,0.0006575483705418696,0.00017348185058273984,0.0023258237249242477,0.184994225079132,0.1140999174244669,0.24034493737378915,-0.18571428571428572,-0.2844606164383562,-0.09026870007262164,0.0
all,group_I_intron,0.75,1.0,83,0.0,0.0,0.0,0.07228915662650602,0.8674698795180723,0.0,0.0,0.0,0.10843373493975904,0.8674698795180723,0.0,0.0,0.0,0.0,0.0,0.0,0.0,0.0,0.0,0.8674698795180723
all,group_I_intron,0.9090909090909091,0.0,83,0.11388888888888882,0.07597623089983019,0.18098019008359095,1.0,0.0,0.0004066341725116518,-0.0004324082427826437,0.0028143950326683,0.3253012048192771,0.0,0.0006575483705418696,0.00017348185058273984,0.00268780498964301,0.184994225079132,0.1140999174244669,0.24034493737378915,-0.18571428571428572,-0.2844606164383562,-0.09026870007262164,0.0
all,group_I_intron,0.9090909090909091,1.0,83,0.0,0.0,0.0,0.024096385542168676,0.927710843373494,0.0,0.0,0.0,0.060240963855421686,0.927710843373494,0.0,0.0,0.0,0.0,0.0,0.0,0.0,0.0,0.0,0.927710843373494
all,group_I_intron,1.0,0.0,83,0.11388888888888882,0.07597623089983019,0.1833421310522188,1.0,0.0,0.0004066341725116518,-0.0004324082427826437,0.003929162616077769,0.3253012048192771,0.0,0.0006575483705418696,0.0002632309649154173,0.0030450684775665923,0.184994225079132,0.1140999174244669,0.24034493737378915,-0.18571428571428572,-0.2844606164383562,-0.09026870007262164,0.0
all,group_I_intron,1.0,1.0,83,0.0,0.0,0.0,0.0,1.0,0.0,0.0,0.0,0.0,1.0,0.0,0.0,0.0,0.0,0.0,0.0,0.0,0.0,0.0,1.0
all,tRNA,0.0,0.0,9234,0.0,0.0,0.0,0.0,1.0,0.0,0.0,0.0,0.0,1.0,0.0,0.0,0.0,0.0,0.0,0.0,0.0,0.0,0.0,1.0
all,tRNA,0.0,1.0,9234,-0.06362672322375396,-0.19952718676122927,0.0,0.16720814381633095,0.1385098548841239,0.0,-0.0036217303822937627,0.00204951631414986,0.48310591293047433,0.07634827810266406,-0.0013024384793290623,-0.006063876082471162,-0.00019420843677793201,-0.14731500958632793,-0.24472193510080384,-0.06496292228477074,0.125,0.041666666666666664,0.2727272727272727,0.07472384665367121
all,tRNA,9.999000099990002e-05,0.0,9234,0.0,0.0,0.0,0.18247779943686376,0.8072341347195149,0.0,0.0,0.0,0.18301927658652806,0.6574615551223738,0.0,0.0,9.132142253440981e-07,0.0,0.0,0.0332623838616652,0.0,-0.037037037037037035,0.0,0.6510721247563352
all,tRNA,9.999000099990002e-05,1.0,9234,-0.046511627906976716,-0.18528861587477818,0.0,0.18291098115659518,0.146740307559021,0.0,-0.003596201579477526,0.00204951631414986,0.47834091401342865,0.0855533896469569,-0.0013024384793290623,-0.006063876082471162,-0.0001940825803452754,-0.12211906171166921,-0.22419995093463066,-0.045045519868358364,0.1,0.0,0.25,0.08317089018843404
all,tRNA,0.0002999100269919024,0.0,9234,0.0,0.0,0.04347826086956519,0.3397227636993719,0.636885423435131,0.0,-3.08527705787983e-05,5.0943741057724154e-05,0.30723413471951483,0.40025990903183883,1.933768736156305e-06,0.0,7.53370288512958e-06,0.027589978654813385,0.0,0.06032503259744909,0.0,-0.05263157894736842,0.0,0.3866146848602989
all,tRNA,0.0002999100269919024,1.0,9234,-0.036332697365028616,-0.1567848920623269,0.0,0.19428200129954515,0.15876110028156812,0.0,-0.003573353139239026,0.0020242914979757085,0.47184318821745724,0.09952350010829543,-0.0012994052310473956,-0.006053144706699674,-0.00018737243669420195,-0.09076909313973237,-0.19635187239733423,-0.029934540257402387,0.07692307692307693,0.0,0.21052631578947367,0.09768247779943687
all,tRNA,0.0009990009990009992,0.0,9234,0.008645397060031174,0.0,0.07090345219561617,0.5137535196014729,0.44509421702404156,0.0,-0.00013144749986855261,0.00018511662347278635,0.4044834307992203,0.20435347628330083,1.6119926193511635e-05,2.618996070924385e-06,3.736444144614234e-05,0.05806135847402012,0.020413453047168913,0.11520628701030755,-0.05,-0.125,0.0,0.18518518518518517
all,tRNA,0.0009990009990009992,1.0,9234,-0.022201665124884307,-0.10588235294117654,0.0,0.21691574615551223,0.18908382066276802,0.0,-0.00345945475511847,0.0019571583877196286,0.4520251245397444,0.13331167424734677,-0.001275691222509943,-0.006025304909913885,-0.00017626965106971382,-0.05566267008275358,-0.13798473243856352,-0.015707236514262077,0.043478260869565216,0.0,0.14285714285714285,0.13006281134936107
all,tRNA,0.0029910269192422734,0.0,9234,0.02983111849390918,0.0,0.10633024316668505,0.6017977041368854,0.33452458306259475,0.0,-0.00024646151679458966,0.00039829302987197737,0.4279835390946502,0.13233701537795106,5.360878386604784e-05,1.5038092093539487e-05,0.00011855190695808544,0.09074387080323243,0.039842919687591904,0.16103741023895188,-0.09285714285714285,-0.19047619047619047,-0.03150201612903226,0.12020792722547108
all,tRNA,0.0029910269192422734,1.0,9234,-0.01256038647342994,-0.0707255481645726,0.0,0.2345679012345679,0.23045267489711935,0.0,-0.003245918498521661,0.0018647134544197536,0.42765865280485166,0.17673814165042234,-0.0012144113985669423,-0.005956638117074861,-0.00014829919343498603,-0.0319346745544474,-0.0810798971460187,-0.006411710266809589,0.0,0.0,0.05263157894736842,0.17543859649122806
all,tRNA,0.009900990099009901,0.0,9234,0.0444444444444444,0.0,0.14102564102564102,0.6321204245180854,0.27117175655187353,0.0,-0.00041779148990872864,0.0007874236561300915,0.41953649555988737,0.10179770413688542,0.00013379819598074663,3.863504216085378e-05,0.00030994374340460255,0.11735017576207898,0.051816205546028116,0.1942348527387569,-0.1111111111111111,-0.23809523809523808,-0.04,0.09497509205111544
all,tRNA,0.009900990099009901,1.0,9234,0.0,-0.046511627906976716,0.0,0.2365172189733593,0.2823261858349578,0.0,-0.002782629288653385,0.001666049611255091,0.3959280918345246,0.23803335499241932,-0.0010985302432100883,-0.005711255348433937,-5.260073762863667e-05,-0.016174733982007194,-0.04253275619360576,-0.0007094471292962146,0.0,0.0,0.0,0.23716699155295645
all,tRNA,0.029126213592233007,0.0,9234,0.046511627906976716,0.0,0.155518018018018,0.6398094000433182,0.23413471951483647,0.0,-0.0006827880512091038,0.0012087986142841588,0.4232185401776045,0.09150963829326403,0.00027153966396383726,6.719224442995532e-05,0.0006241036602673055,0.12814065267734054,0.05782032409298439,0.2123713479476192,-0.125,-0.2631578947368421,-0.041666666666666664,0.0863114576564869
all,tRNA,0.029126213592233007,1.0,9234,0.0,-0.032581453634085156,0.0,0.2255793805501408,0.3649555988737275,0.0,-0.0022608969977391032,0.0011384999463263852,0.35455923760017327,0.3325752653238033,-0.0009642151731521751,-0.005234869522006359,0.0,-0.005838658615948622,-0.0258615213756207,0.0,0.0,0.0,0.0,0.3309508338748105
all,tRNA,0.09090909090909091,0.0,9234,0.04832125603864734,0.0,0.1707317073170732,0.6516136019059996,0.203487112843838,0.0,-0.001110294012021461,0.0017762474722632126,0.43946285466753304,0.0847953216374269,0.000514335622764111,0.00011145551646371332,0.0012970744683701455,0.1390885187343328,0.0625897708604783,0.22760361234966062,-0.125,-0.26666666666666666,-0.041666666666666664,0.08143816330950834
all,tRNA,0.09090909090909091,1.0,9234,0.0,-0.019027484143763207,0.0,0.19861381849685944,0.4694606887589344,0.0,-0.001082501517284126,0.0,0.2977041368854234,0.452350010829543,-0.00043630662440162927,-0.004335481948517389,0.0,-0.0009456580434746564,-0.010179989264327421,0.0,0.0,0.0,0.0,0.4518085336798787
all,tRNA,0.23076923076923075,0.0,9234,0.051282051282051266,0.0,0.18814470259327096,0.6679662118258609,0.17218973359324236,0.0,-0.0016299489983700511,0.0022805515624351952,0.4502923976608187,0.08046350444011263,0.0008185076782113031,0.00014351635887567112,0.0023034101262035087,0.14381894469203668,0.06436033880465383,0.2367230120875882,-0.125,-0.2727272727272727,-0.041666666666666664,0.07862248213125406
all,tRNA,0.23076923076923075,1.0,9234,0.0,0.0,0.0,0.1539961013645224,0.5980073640892354,0.0,0.0,0.0,0.23337665150530648,0.5859865713666883,0.0,-0.0027595541052200063,0.0,0.0,-0.0031731761494800392,0.0,0.0,0.0,0.0,0.5856616850768898
all,tRNA,0.5,0.0,9234,0.057601438109912695,0.0,0.19565217391304346,0.6803118908382066,0.15464587394411955,0.0,-0.001890137749907036,0.003038965425410989,0.44671864847303444,0.07959714100064977,0.0010870598664407052,0.00016999739424692741,0.003988545459461367,0.14637899291435083,0.06489418734016877,0.24195451003510138,-0.125,-0.2727272727272727,-0.041666666666666664,0.07580680095299978
all,tRNA,0.5,1.0,9234,0.0,0.0,0.0,0.09649122807017543,0.7483214208360407,0.0,0.0,0.0,0.152804851635261,0.7416071041802036,0.0,-0.0004484574413057685,0.0,0.0,-8.366313806491832e-05,0.0,0.0,0.0,0.0,0.741282217890405
all,tRNA,0.75,0.0,9234,0.05983381337890692,0.0,0.19952718676122927,0.689841888672298,0.14435780810049817,0.0,-0.0019880523508573732,0.0032597810759422037,0.4435780810049816,0.07688975525232836,0.0012027144880271939,0.00018345568933557412,0.005009982779186619,0.1469900957473807,0.06496292228477074,0.24418782271133632,-0.125,-0.2727272727272727,-0.041666666666666664,0.07504873294346978
all,tRNA,0.75,1.0,9234,0.0,0.0,0.0,0.04927442061944986,0.864630712583929,0.0,0.0,0.0,0.08208793588910548,0.8621399176954733,0.0,0.0,0.0,0.0,0.0,0.0,0.0,0.0,0.0,0.8620316222655404
all,tRNA,0.9090909090909091,0.0,9234,0.06272401433691754,0.0,0.19812600056502502,0.6924409789906866,0.1407840589127139,0.0,-0.00204951631414986,0.0034661749172498,0.4422785358457873,0.07667316439246263,0.001266649357144879,0.0001899680315437839,0.005673003542782791,0.14722157437729788,0.06496292228477074,0.24472193510080384,-0.125,-0.2727272727272727,-0.041666666666666664,0.07483214208360407
all,tRNA,0.9090909090909091,1.0,9234,0.0,0.0,0.0,0.017327268789257094,0.9461771713233702,0.0,0.0,0.0,0.0341130604288499,0.9449859215941088,0.0,0.0,0.0,0.0,0.0,0.0,0.0,0.0,0.0,0.9449859215941088
all,tRNA,1.0,0.0,9234,0.06362672322375396,0.0,0.19952718676122927,0.6942820012995452,0.1385098548841239,0.0,-0.00204951631414986,0.0036217303822937627,0.4405458089668616,0.07634827810266406,0.0013024384793290623,0.00019420843677793201,0.006063876082471162,0.14731500958632793,0.06496292228477074,0.24472193510080384,-0.125,-0.2727272727272727,-0.041666666666666664,0.07472384665367121
all,tRNA,1.0,1.0,9234,0.0,0.0,0.0,0.0,1.0,0.0,0.0,0.0,0.0,1.0,0.0,0.0,0.0,0.0,0.0,0.0,0.0,0.0,0.0,1.0
all,tmRNA,0.0,0.0,10,0.0,0.0,0.0,0.0,1.0,0.0,0.0,0.0,0.0,1.0,0.0,0.0,0.0,0.0,0.0,0.0,0.0,0.0,0.0,1.0
all,tmRNA,0.0,1.0,10,-0.05993930806576303,-0.06781545567766732,-0.026146504741442783,0.0,0.1,0.003753748331394746,-0.010806437179334211,0.017005687884212105,0.3,0.1,-0.002345104207022862,-0.005815362715362214,-0.001028567267267104,-0.1356079194787858,-0.2175828786899008,-0.11823574598984563,0.16363636363636364,0.1447072072072072,0.3375286041189931,0.1
all,tmRNA,9.999000099990002e-05,0.0,10,0.009293017357533462,0.0006142506142506055,0.017241779946555083,0.7,0.3,3.8342368134200444e-05,-7.437205197449205e-06,3.9932018173938384e-05,0.3,0.1,2.0261658231409365e-06,9.619299354953139e-07,3.1314697625787486e-06,0.06222084555196654,0.03763174148748159,0.08538666792076659,-0.08333333333333334,-0.12702472293265132,-0.05780098280098281,0.1
all,tmRNA,9.999000099990002e-05,1.0,10,-0.043670990663471854,-0.05289513478532587,-0.022114246676926658,0.0,0.1,0.003743676948366857,-0.010747524161794537,0.01693849615874967,0.3,0.1,-0.002342380479624686,-0.00581040901501571,-0.0010276053373316086,-0.08576364045463669,-0.13219621076913424,-0.0697052221398768,0.10909090909090909,0.06531531531531531,0.20647058823529413,0.1
all,tmRNA,0.0002999100269919024,0.0,10,0.01754385964912275,0.0040322580645161255,0.022070015220700123,0.7,0.3,1.822440738380015e-05,-3.628831269844937e-05,0.00015778016937019468,0.3,0.1,8.345462425709145e-06,3.985943067163717e-06,1.0971900760221024e-05,0.09394644182804218,0.06600445665593443,0.12505512901470525,-0.12661141490088856,-0.19963144963144963,-0.10043290043290044,0.1
all,tmRNA,0.0002999100269919024,1.0,10,-0.036427114247499476,-0.05289513478532587,-0.0025170068027210862,0.0,0.3,0.0037719727387785463,-0.010565192101181247,0.016890390399793884,0.3,0.1,-0.0023342105437689706,-0.005805683329436935,-0.0010245813241999402,-0.05565407634818956,-0.09887268665933521,-0.046445122282486984,0.05357142857142857,0.041666666666666664,0.13869565217391305,0.1
all,tmRNA,0.0009990009990009992,0.0,10,0.009698170156574232,0.0014619883040935672,0.01754385964912275,0.7,0.1,0.00012174395784737228,-1.113639066448787e-05,0.0005291966182771998,0.4,0.1,1.7564186755539564e-05,8.96776021482615e-06,2.860649125872233e-05,0.11603536594482422,0.07769913268345019,0.15424696094521279,-0.15442468662807646,-0.2384489038063272,-0.13042180277349769,0.1
all,tmRNA,0.0009990009990009992,1.0,10,-0.03646905519203017,-0.05060728744939269,-0.016306360323509336,0.0,0.1,0.0037417585896948784,-0.010134157618422627,0.016802948524080437,0.3,0.1,-0.0023182127739550477,-0.005798127225474418,-0.0010187770338910794,-0.04851895210261614,-0.061693504976172174,-0.021218403052329693,0.01694915254237288,0.013888888888888888,0.07142857142857142,0.1
all,tmRNA,0.0029910269192422734,0.0,10,0.003384943909137461,0.00018037518037518352,0.025866437082210758,0.7,0.1,0.0003365002994901367,6.256696435949635e-05,0.0007028253541829211,0.2,0.1,5.191704128245491e-05,2.7450408933952405e-05,6.59655619686544e-05,0.12153163786162002,0.10046413832625323,0.18678085179334547,-0.15456592956592957,-0.2971120984278879,-0.14090909090909093,0.1
all,tmRNA,0.0029910269192422734,1.0,10,-0.036768188707843874,-0.05942856919594011,-0.02134851449919939,0.0,0.1,0.004007930855431953,-0.010100599570456987,0.016656717865339284,0.3,0.1,-0.002303196336396666,-0.005758002589546805,-0.0009821671256654918,-0.02025068097434002,-0.029109787748396232,-0.015544043558452347,0.0,0.0,0.016666666666666666,0.1
all,tmRNA,0.009900990099009901,0.0,10,0.0058651026392961825,0.00018037518037518352,0.035860759930247454,0.7,0.1,0.00042074711832051784,-0.0002816602061713209,0.0009896660063622635,0.4,0.1,9.943597285004809e-05,5.3442894829009285e-05,0.0001412404477815342,0.12569982079487416,0.10806550149714464,0.19871628000059047,-0.16363636363636364,-0.3277883443787334,-0.1447072072072072,0.1
all,tmRNA,0.009900990099009901,1.0,10,-0.024367395057050212,-0.04351218063734831,-0.021353266216279865,0.0,0.1,0.0031422715047014667,-0.010027144732132207,0.016724027678040782,0.3,0.1,-0.0022679333517562437,-0.005415621271447306,-0.0009394271833472708,-0.012145174368621642,-0.018866598689310343,-0.009621662195919756,0.0,0.0,0.0,0.1
all,tmRNA,0.029126213592233007,0.0,10,0.0055043522785458154,0.0,0.04009416954123149,0.5,0.3,-0.0005078854584064174,-0.0017146377900736226,0.001165820140346435,0.6,0.1,0.00019389387250215545,0.00012724098661632757,0.00033522815682793586,0.130075538782305,0.11217742523323015,0.20748542808409232,-0.16363636363636364,-0.3342818508722399,-0.1447072072072072,0.1
all,tmRNA,0.029126213592233007,1.0,10,-0.026855394120391757,-0.039278771026364276,-0.014749885679066307,0.0,0.1,0.0032458628729883287,-0.007546086385872811,0.015119475316571235,0.3,0.1,-0.002094369168616629,-0.005172895873755702,-0.0008490967365308447,-0.007837597965977161,-0.010097450605808495,-0.005968063484837027,0.0,0.0,0.0,0.1
all,tmRNA,0.09090909090909091,0.0,10,0.009698170156574232,0.005181303950014718,0.04418967320104328,0.9,0.1,-0.0024705760744557353,-0.002935929902847745,0.0012417883700431953,0.6,0.1,0.0004704708640684062,0.00016470193950959125,0.0007326015376171429,0.13402117797172786,0.11426026285975638,0.20974794222824264,-0.16363636363636364,-0.3375286041189931,-0.1447072072072072,0.1
all,tmRNA,0.09090909090909091,1.0,10,-0.016222062004325855,-0.038056380073612936,-0.003333783844663693,0.0,0.3,0.0,-0.003311060732609476,0.014624043327543773,0.3,0.3,-0.0017349640752173593,-0.0047632880295884646,-0.0003974936782403361,-0.004310427828170135,-0.00700763333552594,-0.0007933707535289769,0.0,0.0,0.0,0.3
all,tmRNA,0.23076923076923075,0.0,10,0.012329749103942661,0.01035544890685075,0.052657421231077126,0.9,0.1,-0.0027632809715011503,-0.004546283781146573,0.0012527453262494586,0.6,0.1,0.000727002057120464,0.00047904015219174046,0.0007624838843260482,0.13443746964062414,0.11611763367797616,0.2115152123139832,-0.16363636363636364,-0.3375286041189931,-0.1447072072072072,0.1
all,tmRNA,0.23076923076923075,1.0,10,-0.010958904109588996,-0.033748042858894725,0.0,0.0,0.4,0.0,0.0,0.010807070332683945,0.2,0.4,-0.0014206258625352102,-0.004560264738753564,0.0,-0.0022965048209682704,-0.002824149749159288,0.0,0.0,0.0,0.0,0.4
all,tmRNA,0.5,0.0,10,0.023847376788553254,0.022070015220700123,0.060681351782549034,0.9,0.1,-0.003753748331394746,-0.008779715843899794,0.0017786792241501058,0.6,0.1,0.0018996660147269505,0.0008115680982117072,0.0024350820498955828,0.13499150382548653,0.11823574598984563,0.21460541214680834,-0.16363636363636364,-0.3375286041189931,-0.1447072072072072,0.1
all,tmRNA,0.5,1.0,10,0.0,-0.022931272222016783,0.0,0.0,0.6,0.0,0.0,0.0,0.2,0.6,0.0,-0.0038210405986211383,0.0,0.0,-0.0012312346114807873,0.0,0.0,0.0,0.0,0.6
all,tmRNA,0.75,0.0,10,0.03585217870932156,0.024685370901583042,0.06438091900298736,0.9,0.1,-0.003753748331394746,-0.012901091190255908,0.0035851160706894124,0.6,0.1,0.002057624130692043,0.001028567267267104,0.003595870178296458,0.13538288858689962,0.11823574598984563,0.21662590676616209,-0.16363636363636364,-0.3375286041189931,-0.1447072072072072,0.1
all,tmRNA,0.75,1.0,10,0.0,-0.010978410698300911,0.0,0.0,0.6,0.0,0.0,0.0,0.2,0.6,0.0,-0.0023632325752311655,0.0,0.0,-0.0003657602236120591,0.0,0.0,0.0,0.0,0.6
all,tmRNA,0.9090909090909091,0.0,10,0.045519203413940224,0.024685370901583042,0.06438091900298736,0.9,0.1,-0.003753748331394746,-0.01571407654281454,0.005684103647935953,0.6,0.1,0.002345104207022862,0.001028567267267104,0.0040353063864143794,0.1356079194787858,0.11823574598984563,0.2170914821496387,-0.16363636363636364,-0.3375286041189931,-0.1447072072072072,0.1
all,tmRNA,0.9090909090909091,1.0,10,0.0,-0.004383401519579222,0.0,0.0,0.7,0.0,0.0,0.0,0.2,0.7,0.0,-0.0018940520723647412,0.0,0.0,-8.464165734831802e-05,0.0,0.0,0.0,0.0,0.7
all,tmRNA,1.0,0.0,10,0.05993930806576303,0.026146504741442783,0.06781545567766732,0.9,0.1,-0.003753748331394746,-0.017005687884212105,0.010806437179334211,0.6,0.1,0.002345104207022862,0.001028567267267104,0.005815362715362214,0.1356079194787858,0.11823574598984563,0.2175828786899008,-0.16363636363636364,-0.3375286041189931,-0.1447072072072072,0.1
all,tmRNA,1.0,1.0,10,0.0,0.0,0.0,0.0,1.0,0.0,0.0,0.0,0.0,1.0,0.0,0.0,0.0,0.0,0.0,0.0,0.0,0.0,0.0,1.0
deduplicated,all_families,0.0,0.0,16222,0.0,0.0,0.0,0.0,1.0,0.0,0.0,0.0,0.0,1.0,0.0,0.0,0.0,0.0,0.0,0.0,0.0,0.0,0.0,1.0
deduplicated,all_families,0.0,1.0,16222,-0.048957633703396425,-0.16666666666666669,0.0,0.19091357415855012,0.09209715201578104,-0.0007072135492301097,-0.004756016029889142,0.0004361012547822468,0.6378991493034151,0.03563062507705585,-0.001161920163777487,-0.005470768851228028,-0.00023936340325757607,-0.16324219860855987,-0.2675424751141454,-0.07060792934166023,0.14285714285714285,0.03333333333333333,0.3181818181818182,0.0335963506349402
deduplicated,all_families,9.999000099990002e-05,0.0,16222,0.0,0.0,0.02857142857142858,0.3351004808285045,0.6259400813709777,0.0,-7.492994050562786e-06,1.982278430828397e-05,0.2685242263592652,0.4281839477253113,3.9297848303697835e-07,0.0,1.9520208454504346e-06,0.01909084921598643,0.0,0.04838230897493612,0.0,-0.045454545454545456,0.0,0.41277277770928367
deduplicated,all_families,9.999000099990002e-05,1.0,16222,-0.031746031746031744,-0.13636363636363635,0.0,0.2132905930218222,0.1072000986314881,-0.0006994942118775651,-0.004707586279588436,0.00044270884955167466,0.6348169153002096,0.04136358032301812,-0.0011606136307015036,-0.005468794605173575,-0.00023775017928557066,-0.12140442561924107,-0.23126923050533338,-0.03995197398080681,0.1,0.0,0.2777777777777778,0.0394525952410307
deduplicated,all_families,0.0002999100269919024,0.0,16222,0.0,0.0,0.04878048780487798,0.4879176427074344,0.45321168783134014,0.0,-3.964556861656794e-05,7.929113723313588e-05,0.3550117124892122,0.2367155714461842,3.992732071392254e-06,3.1870591662452997e-07,9.518522136071561e-06,0.043858430020733696,0.012232944261857712,0.08807731287330506,-0.041416310722937645,-0.09090909090909091,0.0,0.21822216742695105
deduplicated,all_families,0.0002999100269919024,1.0,16222,-0.0235294117647058,-0.10455620883874503,0.0,0.2385032671680434,0.11959067932437431,-0.0006835951475716394,-0.004648851960766927,0.00044270884955167466,0.6287757366539267,0.04906916533103193,-0.0011540376249816568,-0.005465013363634032,-0.0002340045085732066,-0.08369811552284939,-0.1913397814793531,-0.02531573440234608,0.06060606060606061,0.0,0.22727272727272727,0.04734311428923684
deduplicated,all_families,0.0009990009990009992,0.0,16222,0.026327341620073053,0.0,0.08163265306122452,0.6041795093083467,0.3072987301195907,0.0,-9.673549934864764e-05,0.0002152289882700199,0.39489582049069166,0.12328936012822093,1.8383550311308767e-05,5.140302038720635e-06,3.925843999213914e-05,0.07827361482701484,0.033857962143204474,0.13961534910335488,-0.08000000000000002,-0.16024607113316786,-0.025,0.10726174331155221
deduplicated,all_families,0.0009990009990009992,1.0,16222,-0.01351666351666353,-0.06945563313044517,0.006371990582516911,0.27770928368881764,0.13685118974232524,-0.0006216512240608627,-0.0045915778413207955,0.0004267425320056899,0.6176180495623228,0.06608309702872642,-0.001122484265612884,-0.005443403908976265,-0.0002253747928771259,-0.04644041799452908,-0.12877981028963234,-0.013891349640875086,0.02857142857142857,0.0,0.14285714285714285,0.064172111946739
deduplicated,all_families,0.0029910269192422734,0.0,16222,0.03389830508474577,0.0,0.11033210707559007,0.6599063000863026,0.22031808654913082,2.4951759930800523e-05,-0.00015773699984226314,0.00040948429504511843,0.39840956725434595,0.07915176920231784,5.2207873436490414e-05,1.567306580302067e-05,0.00011654577359951354,0.1063932929657044,0.049709239914000614,0.18330025227822022,-0.1111111111111111,-0.22882960413080894,-0.02857142857142857,0.06817901615090617
deduplicated,all_families,0.0029910269192422734,1.0,16222,-0.006250413166127899,-0.04434145863716765,0.00991114149008887,0.3103809641227962,0.16342004684995684,-0.0005328439063378822,-0.004429545085524174,0.0003980019435739392,0.599309579583282,0.0918505732955246,-0.0010569085210524894,-0.005351766292580527,-0.00020938229540110352,-0.02518006227247449,-0.07293170686933519,-0.0074555845932604,0.0,0.0,0.05,0.09037110097398594
deduplicated,all_families,0.009900990099009901,0.0,16222,0.04262663957206253,0.0,0.13608292570068747,0.6753791147823943,0.16810504253482925,8.628255489065233e-05,-0.00025520666250110287,0.0008330248056275455,0.3856491184810751,0.05264455677475034,0.00012105440036109243,4.019405706492828e-05,0.00029031192274140533,0.13114815646889916,0.06083321938027329,0.21685205208277814,-0.13636363636363635,-0.2857142857142857,-0.03125,0.04672666748859573
deduplicated,all_families,0.009900990099009901,1.0,16222,0.0,-0.027685492801771905,0.010175438596491171,0.3235112809764517,0.21107138453951424,-0.0003263435633939732,-0.003968876567981021,0.00029101144185821146,0.5581309333004562,0.15207742571816052,-0.0009610724756327382,-0.005155651121580352,-0.000168022154219978,-0.012190228738832964,-0.03780415325498221,-0.0024896137766708126,0.0,0.0,0.0,0.1496116385155961
deduplicated,all_families,0.029126213592233007,0.0,16222,0.04448249619482497,0.0,0.14926704568149443,0.6798175317470102,0.14264578966835162,0.00018511662347278635,-0.0003221987441741972,0.0013025073266037072,0.3691899889039576,0.043767722845518435,0.00023310918786609194,7.148533835135393e-05,0.0005765430133565085,0.1448818873297327,0.06592644993124973,0.23671684257991688,-0.14285714285714285,-0.3125,-0.03333333333333333,0.03976081864135125
deduplicated,all_families,0.029126213592233007,1.0,16222,0.0,-0.019264322417363297,0.010272873547048422,0.32073727037356675,0.27518185180618915,-2.117718043552041e-05,-0.003338766496661234,0.0001273808988595665,0.5021575638022439,0.23461965232400445,-0.000834372080892791,-0.00479466587687333,-6.192369440125958e-05,-0.005292673005390519,-0.021348265781295735,-0.00016601664695327367,0.0,0.0,0.0,0.23190728640118358
deduplicated,all_families,0.09090909090909091,0.0,16222,0.04515327257663626,0.0,0.15856127184753627,0.6877080507952164,0.12439896436937492,0.00027751898031597513,-0.00045777325570386777,0.002038044416217673,0.3633953889779312,0.040377265441992355,0.000434241347834246,0.00011921749100581483,0.0011981540566136117,0.15369719743596041,0.06924416650594085,0.25041594446526133,-0.14285714285714285,-0.3181818181818182,-0.03333333333333333,0.03729503143878683
deduplicated,all_families,0.09090909090909091,1.0,16222,0.0,-0.012725815092037303,0.006630671770757976,0.28159289853285663,0.3816422142769079,0.0,-0.002397063165699023,0.0,0.4304648008876834,0.3534705954876094,-0.000524423300237121,-0.004000565169509793,0.0,-0.0013244090075917592,-0.008867294260710173,0.0,0.0,0.0,0.0,0.352669214646776
deduplicated,all_families,0.23076923076923075,0.0,16222,0.046511627906976716,0.0,0.1658536585365854,0.699728763407718,0.11096042411539885,0.00037023324694557573,-0.0005415974578967086,0.002674998876050893,0.35864874861299467,0.03760325483910738,0.0006627561632557885,0.0001613447119711018,0.002138826894092627,0.15869474637977737,0.07027032657773348,0.2597700056333364,-0.14285714285714285,-0.32,-0.03333333333333333,0.03550733571692763
deduplicated,all_families,0.23076923076923075,1.0,16222,0.0,-0.005281003884940419,0.0,0.22229071631118236,0.5065343360867957,0.0,-0.0011840464422270315,0.0,0.3468129700406855,0.4887190235482678,-0.00011001132000146856,-0.0027250712991052544,0.0,-5.250394065486885e-05,-0.0029242952000612388,0.0,0.0,0.0,0.0,0.4882258661077549
deduplicated,all_families,0.5,0.0,16222,0.04761904761904767,0.0,0.17016449234259784,0.7114412526198989,0.10041918382443595,0.0005212008867320989,-0.000503705427237432,0.0035709330431798105,0.3432375785969671,0.03637036123782517,0.0009428788850784908,0.0002064231044690473,0.003478883654338835,0.1619847305898191,0.07041847048588727,0.2653098692841088,-0.14285714285714285,-0.32,-0.03333333333333333,0.03421279743558131
deduplicated,all_families,0.5,1.0,16222,0.0,0.0,0.0,0.1459746023918136,0.6815435827888053,0.0,0.0,0.0,0.23042781407964494,0.6714338552582912,0.0,-0.000927888076553573,0.0,0.0,-0.00028125099490772243,0.0,0.0,0.0,0.0,0.6710639871779065
deduplicated,all_families,0.75,0.0,16222,0.04831439393939396,0.0,0.17043740573152338,0.717050918505733,0.09591912217975589,0.0006151809155993087,-0.0004820419335570965,0.004226048644517377,0.33645666378991496,0.03581555911724818,0.0010554267860514188,0.00022909808474792068,0.004529468770378628,0.16304263637261207,0.07057271967450214,0.26696508045869155,-0.14285714285714285,-0.32,-0.03333333333333333,0.033719639995068426
deduplicated,all_families,0.75,1.0,16222,0.0,0.0,0.0,0.08093946492417704,0.8183947725311306,0.0,0.0,0.0,0.1342621131796326,0.8135864874861299,0.0,0.0,0.0,0.0,0.0,0.0,0.0,0.0,0.0,0.8134015534459376
deduplicated,all_families,0.9090909090909091,0.0,16222,0.048861283643892306,0.0,0.16910807988799,0.718776969547528,0.0930834668968068,0.000664490644632882,-0.0004469214995530789,0.004518447536525047,0.33053877450376035,0.035938848477376405,0.0011151825012120115,0.00023494524556167537,0.005160484518123772,0.1632060990167889,0.07060792934166023,0.2674981099791297,-0.14285714285714285,-0.3181818181818182,-0.03333333333333333,0.03365799531500432
deduplicated,all_families,0.9090909090909091,1.0,16222,0.0,0.0,0.0,0.0382813463198126,0.9182591542349895,0.0,0.0,0.0,0.06275428430526446,0.916286524472938,0.0,0.0,0.0,0.0,0.0,0.0,0.0,0.0,0.0,0.9162248797928739
deduplicated,all_families,1.0,0.0,16222,0.048957633703396425,0.0,0.16666666666666669,0.7169892738256688,0.09209715201578104,0.0007072135492301097,-0.0004361012547822468,0.004756016029889142,0.32647022561952904,0.03563062507705585,0.001161920163777487,0.00023936340325757607,0.005470768851228028,0.16324219860855987,0.07060792934166023,0.2675424751141454,-0.14285714285714285,-0.3181818181818182,-0.03333333333333333,0.0335963506349402
deduplicated,all_families,1.0,1.0,16222,0.0,0.0,0.0,0.0,1.0,0.0,0.0,0.0,0.0,1.0,0.0,0.0,0.0,0.0,0.0,0.0,0.0,0.0,0.0,1.0
deduplicated,16S_rRNA,0.0,0.0,142,0.0,0.0,0.0,0.0,1.0,0.0,0.0,0.0,0.0,1.0,0.0,0.0,0.0,0.0,0.0,0.0,0.0,0.0,0.0,1.0
deduplicated,16S_rRNA,0.0,1.0,142,-0.1479399436495614,-0.2147191231160697,-0.05638585262722426,0.014084507042253521,0.007042253521126761,0.00015003612933303195,-0.0007540741853336156,0.0037871605677537957,0.47183098591549294,0.0,-0.001264556482794972,-0.0030840857225223,-0.0003199458336794087,-0.20924555324631744,-0.2861940233701003,-0.15134001432182198,0.19707639778062314,0.11202185792349727,0.34065638450502156,0.0
deduplicated,16S_rRNA,9.999000099990002e-05,0.0,142,0.05844804156305172,0.024186256781193516,0.09899644542501689,0.8873239436619719,0.09154929577464789,-4.291739495841532e-06,-4.357031786706941e-05,3.1047306646148445e-05,0.5211267605633803,0.028169014084507043,2.8492512400876206e-06,1.6033856707958252e-06,4.6395534791460835e-06,0.09903253422486046,0.06575087306872468,0.1389391155725384,-0.09503018711956032,-0.13769485120453476,-0.05333333333333333,0.02112676056338028
deduplicated,16S_rRNA,9.999000099990002e-05,1.0,142,-0.05937519441769257,-0.1403955382365316,-0.02423331407866408,0.056338028169014086,0.028169014084507043,0.00015113234169680074,-0.0007091847532958743,0.0037601554456542408,0.47183098591549294,0.0,-0.0012617154406560946,-0.0030799450958567025,-0.0003180198209306453,-0.10533250281593975,-0.16219076275849642,-0.05529333323763126,0.08384074941451991,0.0390892002734108,0.19718309859154928,0.0
deduplicated,16S_rRNA,0.0002999100269919024,0.0,142,0.08360012089817917,0.03816530573746196,0.15119396732299964,0.9225352112676056,0.04929577464788732,-1.9669563656535987e-05,-7.33986079123097e-05,3.8498947375757795e-05,0.5633802816901409,0.014084507042253521,8.59179568523205e-06,5.580192426476916e-06,1.4629066029447201e-05,0.13297175502762518,0.09169763955127208,0.19481051859162646,-0.1250507703706349,-0.21077182311359527,-0.08155661446343587,0.014084507042253521
deduplicated,16S_rRNA,0.0002999100269919024,1.0,142,-0.03681321430358303,-0.0930283248022136,-0.010240781267868003,0.1267605633802817,0.014084507042253521,0.00014394421826198223,-0.0007177188658505779,0.003977770963155295,0.47183098591549294,0.0,-0.0012382610739519301,-0.003071880793986337,-0.00031359047973496403,-0.06435728669399535,-0.10123950938548032,-0.034062530939641775,0.04124149659863945,0.01355979266938171,0.11129275653923541,0.0
deduplicated,16S_rRNA,0.0009990009990009992,0.0,142,0.09897480413936444,0.03880769389628998,0.16438356164383566,0.9295774647887324,0.04225352112676056,-1.4830678303939348e-05,-8.665945795998487e-05,0.00011632019690997785,0.5211267605633803,0.007042253521126761,2.2235021227267136e-05,1.348455384432186e-05,3.6988856620933996e-05,0.1664160550572339,0.11743794728749624,0.21548670859810254,-0.16827328789354107,-0.2384306215341011,-0.10458874458874459,0.007042253521126761
deduplicated,16S_rRNA,0.0009990009990009992,1.0,142,-0.03233155790172437,-0.07242478040350381,-0.005844065184513424,0.1619718309859155,0.035211267605633804,0.00014350288913654043,-0.0006170683990752694,0.0038707055913288395,0.4507042253521127,0.014084507042253521,-0.0012226996868989603,-0.003068011824702387,-0.00030337319776223406,-0.034537973884269935,-0.05860085575204613,-0.01721517965672907,0.014492753623188406,0.0,0.046784156976744186,0.014084507042253521
deduplicated,16S_rRNA,0.0029910269192422734,0.0,142,0.11846207545929513,0.050694786759750504,0.18389085674237113,0.9366197183098591,0.028169014084507043,-4.354648119086102e-06,-0.00019060568358917913,0.00014196383874913088,0.5070422535211268,0.0,4.6070867753132246e-05,2.4308382854317583e-05,7.007127116592245e-05,0.17659872811492788,0.13264476241059844,0.2504926236941111,-0.18983268983268983,-0.30285505658999634,-0.11202185792349727,0.0
deduplicated,16S_rRNA,0.0029910269192422734,1.0,142,-0.021779108189988627,-0.049843621720778664,0.0,0.23943661971830985,0.04929577464788732,0.00015156583897153703,-0.0005711692027368236,0.00386181988431382,0.44366197183098594,0.014084507042253521,-0.0011958963610909667,-0.0030308353002925057,-0.00028528059240484144,-0.022311666382119524,-0.03443713338547902,-0.009733201783648476,0.0,0.0,0.014084507042253521,0.014084507042253521
deduplicated,16S_rRNA,0.009900990099009901,0.0,142,0.1244252884346373,0.047715018179250904,0.19103773107624555,0.9436619718309859,0.02112676056338028,-6.635740398365606e-05,-0.0004460803622902969,0.0002588681842511913,0.5915492957746479,0.0,8.426017414349107e-05,5.4718252705921544e-05,0.00015034671638972417,0.18378732318072877,0.1420577080130422,0.2619656246065525,-0.19707639778062314,-0.32199303616700364,-0.11202185792349727,0.0
deduplicated,16S_rRNA,0.009900990099009901,1.0,142,-0.011348912320699123,-0.03687835525927674,0.0,0.22535211267605634,0.08450704225352113,8.42022975792358e-05,-0.0005406365802171755,0.0033283175429449606,0.4014084507042254,0.035211267605633804,-0.0011708290839307228,-0.002940478690625548,-0.0002580133294028369,-0.014595528398085464,-0.02460961596349996,-0.004335009767174672,0.0,0.0,0.0,0.035211267605633804
deduplicated,16S_rRNA,0.029126213592233007,0.0,142,0.13401516690990378,0.05018948718289899,0.1897723042609428,0.9295774647887324,0.035211267605633804,-0.00012391531429429713,-0.0008259062116048634,0.0002805487966828818,0.6126760563380281,0.0,0.00019386912019810765,8.950083455590712e-05,0.0003132423291542547,0.1976991338668679,0.144111885016361,0.2721362017844019,-0.19707639778062314,-0.34065638450502156,-0.11202185792349727,0.0
deduplicated,16S_rRNA,0.029126213592233007,1.0,142,-0.009456740442655931,-0.029396325459317585,0.0,0.14788732394366197,0.176056338028169,1.024093506564439e-06,-0.000621043344276271,0.001924053425156357,0.36619718309859156,0.13380281690140844,-0.0010677547426825287,-0.002839942800007218,-0.00020815169626002924,-0.00834332489977646,-0.017150285509160132,-0.0013080538154064542,0.0,0.0,0.0,0.13380281690140844
deduplicated,16S_rRNA,0.09090909090909091,0.0,142,0.13553424122858837,0.053472451206682675,0.20307209674751114,0.9436619718309859,0.02112676056338028,-0.00016358813066121307,-0.0018582176676611752,0.00045460866961545196,0.5774647887323944,0.0,0.0005252405328028506,0.00014735039085410486,0.0008596450668847758,0.2013684957063873,0.14861634505128446,0.2794573068160363,-0.19707639778062314,-0.34065638450502156,-0.11202185792349727,0.0
deduplicated,16S_rRNA,0.09090909090909091,1.0,142,-0.005291144871954007,-0.012907077899124597,0.0,0.15492957746478872,0.21830985915492956,0.0,-0.00048274588036561464,0.000857766429451404,0.34507042253521125,0.2112676056338028,-0.0006802132436357316,-0.0022713417892288677,-5.5897827035768845e-05,-0.0021247359402026544,-0.006633175406718872,-7.646774274328028e-05,0.0,0.0,0.0,0.2112676056338028
deduplicated,16S_rRNA,0.23076923076923075,0.0,142,0.1458175185276298,0.05883464566929131,0.2125270593596901,0.9507042253521126,0.02112676056338028,-0.00030586259396057913,-0.0024052542824176803,0.00048804992871896,0.5774647887323944,0.0,0.0008987893048023965,0.00019010975268727757,0.0016721439131375491,0.20421396348995788,0.15134001432182198,0.2828376238862264,-0.19707639778062314,-0.34065638450502156,-0.11202185792349727,0.0
deduplicated,16S_rRNA,0.23076923076923075,1.0,142,0.0,-0.006731504658601076,0.0,0.16901408450704225,0.38028169014084506,0.0,-0.0001692358290525259,0.0002609231690418306,0.2887323943661972,0.36619718309859156,-0.00019128191418555708,-0.0016824286943889185,0.0,-0.00021258736915472087,-0.0016942288519854048,0.0,0.0,0.0,0.0,0.36619718309859156
deduplicated,16S_rRNA,0.5,0.0,142,0.15014035994012298,0.05883464566929131,0.2140897524866991,0.971830985915493,0.007042253521126761,-0.0001870677471991043,-0.0034092506614754525,0.0006719123209890966,0.5492957746478874,0.0,0.0009855266603246943,0.00027461417371933325,0.0023217491720120597,0.20856523157565648,0.15134001432182198,0.2856797200769645,-0.19707639778062314,-0.34065638450502156,-0.11202185792349727,0.0
deduplicated,16S_rRNA,0.5,1.0,142,0.0,-0.0030296526789191855,0.0,0.11971830985915492,0.5985915492957746,0.0,0.0,0.0,0.19014084507042253,0.5915492957746479,0.0,-0.0005548215626832631,0.0,0.0,-0.00016344034990298933,0.0,0.0,0.0,0.0,0.5915492957746479
deduplicated,16S_rRNA,0.75,0.0,142,0.1479399436495614,0.05638585262722426,0.2151748251748252,0.971830985915493,0.007042253521126761,-0.00011393847310612085,-0.0034092506614754525,0.0007097320969800265,0.5211267605633803,0.0,0.001174716204843787,0.00031041968347465966,0.002646924487965755,0.20924555324631744,0.15134001432182198,0.2861270523115476,-0.19707639778062314,-0.34065638450502156,-0.11202185792349727,0.0
deduplicated,16S_rRNA,0.75,1.0,142,0.0,0.0,0.0,0.06338028169014084,0.7605633802816901,0.0,0.0,0.0,0.09859154929577464,0.7464788732394366,0.0,-8.284541845469712e-05,0.0,0.0,-1.8900216749995202e-07,0.0,0.0,0.0,0.0,0.7464788732394366
deduplicated,16S_rRNA,0.9090909090909091,0.0,142,0.1458175185276298,0.05638585262722426,0.2147191231160697,0.971830985915493,0.007042253521126761,-0.00015003612933303195,-0.0034092506614754525,0.0007540741853336156,0.528169014084507,0.0,0.0012083885090946127,0.0003199458336794087,0.002986443295153947,0.20924555324631744,0.15134001432182198,0.2861940233701003,-0.19707639778062314,-0.34065638450502156,-0.11202185792349727,0.0
deduplicated,16S_rRNA,0.9090909090909091,1.0,142,0.0,0.0,0.0,0.028169014084507043,0.9014084507042254,0.0,0.0,0.0,0.028169014084507043,0.9014084507042254,0.0,0.0,0.0,0.0,0.0,0.0,0.0,0.0,0.0,0.9014084507042254
deduplicated,16S_rRNA,1.0,0.0,142,0.1479399436495614,0.05638585262722426,0.2147191231160697,0.9788732394366197,0.007042253521126761,-0.00015003612933303195,-0.0037871605677537957,0.0007540741853336156,0.528169014084507,0.0,0.001264556482794972,0.0003199458336794087,0.0030840857225223,0.20924555324631744,0.15134001432182198,0.2861940233701003,-0.19707639778062314,-0.34065638450502156,-0.11202185792349727,0.0
deduplicated,16S_rRNA,1.0,1.0,142,0.0,0.0,0.0,0.0,1.0,0.0,0.0,0.0,0.0,1.0,0.0,0.0,0.0,0.0,0.0,0.0,0.0,0.0,0.0,1.0
deduplicated,5S_rRNA,0.0,0.0,9273,0.0,0.0,0.0,0.0,1.0,0.0,0.0,0.0,0.0,1.0,0.0,0.0,0.0,0.0,0.0,0.0,0.0,0.0,0.0,1.0
deduplicated,5S_rRNA,0.0,1.0,9273,-0.044505494505494514,-0.14084507042253525,0.0,0.20867033322549336,0.05747870160681549,-0.0010864841373315962,-0.005555925211258235,0.0,0.7444192817858298,0.008627197239296884,-0.0010998337147829062,-0.005398746770900206,-0.000257753401757504,-0.17656259125185267,-0.28227425977582776,-0.07247565267150896,0.16129032258064516,0.02857142857142857,0.3611111111111111,0.006578237894963874
deduplicated,5S_rRNA,9.999000099990002e-05,0.0,9273,0.0,0.0,0.03076923076923077,0.41658578669254825,0.5255041518386714,0.0,-1.6196823802851895e-05,3.560746332431273e-05,0.3185592580610374,0.29224630648118194,8.307499839574828e-07,0.0,2.2402673409937357e-06,0.02680087492806582,0.0,0.05546931658653174,-0.02702702702702703,-0.05555555555555555,0.0,0.27110967324490454
deduplicated,5S_rRNA,9.999000099990002e-05,1.0,9273,-0.028169014084507005,-0.10667251975417025,0.0,0.23519896473633128,0.07688989539523347,-0.0010714981492304697,-0.005526278307933343,0.0,0.7425860023724793,0.011970236169524426,-0.0010984704866684651,-0.0053975093397784805,-0.00025618401080598465,-0.12357043457615402,-0.24196217491340094,-0.037803195370421816,0.1111111111111111,0.0,0.3157894736842105,0.01046047665264747
deduplicated,5S_rRNA,0.0002999100269919024,0.0,9273,0.013169446883230962,0.0,0.05714285714285716,0.5730615766202954,0.343901649951472,0.0,-4.381512936416955e-05,9.250632677199186e-05,0.3826161975628168,0.13113339803731264,5.039887905172086e-06,1.416337828317771e-06,1.0545734604697996e-05,0.05450092519432248,0.024135551743868472,0.099487916932674,-0.05405405405405406,-0.10714285714285715,0.0,0.11021244473201769
deduplicated,5S_rRNA,0.0002999100269919024,1.0,9273,-0.017797552836484987,-0.07843137254901966,0.0038935756002596023,0.2675509543836946,0.0908012509435997,-0.0010638227578779046,-0.0054686418385712305,0.0,0.7364391243394802,0.017146554513102555,-0.0010894584893269713,-0.005385164875176167,-0.00025144239700820755,-0.08027318502781661,-0.19319291861220192,-0.023076712307249725,0.0625,0.0,0.25,0.0156367949962256
deduplicated,5S_rRNA,0.0009990009990009992,0.0,9273,0.02898550724637683,0.0,0.08421052631578951,0.6582551493583522,0.2237679283942629,1.982278430828397e-05,-7.833641931349195e-05,0.00022478982151688163,0.38919443545778065,0.06944893777633991,1.988978364567633e-05,6.6284463428813205e-06,4.1057962603742806e-05,0.08881647880759207,0.04320924050965824,0.15164433921885778,-0.09090909090909094,-0.18245967741935484,-0.027777777777777776,0.05629246198641216
deduplicated,5S_rRNA,0.0009990009990009992,1.0,9273,-0.01132075471698113,-0.050830889540567026,0.009893455098934578,0.31812789819907256,0.10147740752722959,-0.0010093483267849899,-0.005372044730494897,0.0,0.7278119271001833,0.026205111614364285,-0.0010638496434631042,-0.0053475731884281615,-0.0002441812884493118,-0.04159089955504952,-0.12699355189075526,-0.013181996545342745,0.027777777777777776,0.0,0.14814814814814814,0.02480319206297854
deduplicated,5S_rRNA,0.0029910269192422734,0.0,9273,0.03508771929824561,0.0,0.11225340372325643,0.6931952981775046,0.1512994715841691,4.625316338599593e-05,-0.00011988790480900349,0.00041032115521186935,0.38423379704518495,0.043783025989431686,5.176014809357201e-05,1.583667606323792e-05,0.00011654799527990728,0.11742053794675603,0.057538566936645164,0.19696257894532815,-0.12903225806451613,-0.25925925925925924,-0.02857142857142857,0.0341852690607139
deduplicated,5S_rRNA,0.0029910269192422734,1.0,9273,-0.0038363171355498826,-0.03076923076923077,0.011278195488721887,0.3607246845681009,0.12164348107408605,-0.0009351098270369272,-0.005186779613942509,0.0,0.7146554513102555,0.04205758654157231,-0.000992571689560315,-0.005247236606209771,-0.00022954550063109555,-0.0220144263667027,-0.07003696533660558,-0.00774027248667708,0.0,0.0,0.05714285714285714,0.04043998705920414
deduplicated,5S_rRNA,0.009900990099009901,0.0,9273,0.04251469923111717,0.0,0.13461538461538458,0.700528415830907,0.10438908659549229,0.00014203424603487745,-0.00016484586911238,0.0008523797252562096,0.36083252453359216,0.019519033753909197,0.00011625501376136186,4.092059483063581e-05,0.0002841008417728462,0.14167010429104238,0.06578066183679487,0.23343662802412946,-0.15240641711229946,-0.3225806451612903,-0.02857142857142857,0.014666235306804701
deduplicated,5S_rRNA,0.009900990099009901,1.0,9273,0.0,-0.01989389920424403,0.012400793650793607,0.3818613178043783,0.1651029871670441,-0.0007533014589450706,-0.004786161433742844,0.0,0.6704410654588591,0.09781084870052842,-0.0009144662711996298,-0.005049760481340031,-0.00020113318785049467,-0.010623494420943014,-0.03481711077442051,-0.0031062677083267265,0.0,0.0,0.0,0.09414428987382724
deduplicated,5S_rRNA,0.029126213592233007,0.0,9273,0.043020193151887653,0.0,0.14473089099954772,0.7044106545885905,0.08379165318667098,0.00029198119925936484,-0.00017358700180530482,0.0013743797120410201,0.3293432546101585,0.011970236169524426,0.00021609213670040084,7.417310316251343e-05,0.0005650301051497095,0.1564448263424817,0.0694447885084915,0.2541858123317743,-0.16129032258064516,-0.35454545454545455,-0.02857142857142857,0.009166397066752938
deduplicated,5S_rRNA,0.029126213592233007,1.0,9273,0.0,-0.015092375748113396,0.013568521031207537,0.38887091556130704,0.21675833063733418,-0.0005748607449402343,-0.004226048644517377,0.0,0.6051978863366764,0.17222042488946404,-0.0007943821318236652,-0.004684344498834118,-0.0001462583931920305,-0.005111366285522778,-0.019028333722803936,-0.0007210611465769956,0.0,0.0,0.0,0.16876954599374527
deduplicated,5S_rRNA,0.09090909090909091,0.0,9273,0.04298642533936653,0.0,0.1470588235294118,0.7105575326215896,0.07139005715518171,0.0004757468233988146,-0.0001784050587745555,0.002213544247758374,0.308637981235846,0.01035263668715626,0.0003976623329699019,0.00012438156335413863,0.0011584842659453974,0.16584792839536067,0.07116353479352089,0.26724577946362055,-0.16129032258064516,-0.3611111111111111,-0.02857142857142857,0.007872317480858405
deduplicated,5S_rRNA,0.09090909090909091,1.0,9273,0.0,-0.011111111111111127,0.01118881118881121,0.34519572953736655,0.31899061792300226,-0.00011047108024934797,-0.0031695364833880316,0.0,0.5217297530464791,0.28760918796505985,-0.000570103239178904,-0.003965782338817438,0.0,-0.0014862299820144198,-0.008293169982883264,0.0,0.0,0.0,0.0,0.28674646824113015
deduplicated,5S_rRNA,0.23076923076923075,0.0,9273,0.04412923561859733,0.0,0.15000000000000002,0.72306696861857,0.06653725870807721,0.0006607594769427981,-0.00016518986923569953,0.002884802709466651,0.2936482260325677,0.008950717135770517,0.0005989988369448149,0.00017281923959083952,0.0020810808151248967,0.17199380734921813,0.07186559448670399,0.275227152636197,-0.16129032258064516,-0.36363636363636365,-0.02857142857142857,0.007009597756928718
deduplicated,5S_rRNA,0.23076923076923075,1.0,9273,0.0,-0.005632360471070186,0.005042016806722782,0.27563895179553544,0.44376145799633343,0.0,-0.0020812186447980484,0.0,0.42715410331068693,0.42370322441496816,-0.00029738329701412046,-0.002782478105738108,0.0,-0.00023653795510347742,-0.0028900564375030635,0.0,0.0,0.0,0.0,0.4231640245875121
deduplicated,5S_rRNA,0.5,0.0,9273,0.04499242915855506,0.0,0.14842767295597487,0.7338509651676911,0.06092958050253424,0.0008532292034990098,-7.833641931348826e-05,0.003929614140298271,0.27013911355548365,0.008627197239296884,0.0008718820433140292,0.00022268013954969312,0.0032792641274921497,0.1760408393555613,0.07233656786472104,0.2798722354604068,-0.16129032258064516,-0.36363636363636365,-0.02857142857142857,0.006686077860455084
deduplicated,5S_rRNA,0.5,1.0,9273,0.0,0.0,0.0,0.18224954168014668,0.636147956432654,0.0,-0.0004540821054582521,0.0,0.28674646824113015,0.6238542003666558,0.0,-0.0011431065000004604,0.0,0.0,-0.0004008612302397463,0.0,0.0,0.0,0.0,0.6235306804701822
deduplicated,5S_rRNA,0.75,0.0,9273,0.044901065449010624,0.0,0.1470588235294117,0.7377332039253748,0.059204141054674864,0.0009614015097564451,-4.06448990651672e-05,0.004826653493249976,0.26108055645422196,0.008519357273805673,0.001000695432366801,0.0002453903059998034,0.0043816058873325505,0.1765050235113558,0.07233831157426635,0.28173952702559224,-0.16129032258064516,-0.36363636363636365,-0.02857142857142857,0.006578237894963874
deduplicated,5S_rRNA,0.75,1.0,9273,0.0,0.0,0.0,0.10244796721665049,0.7882023077752615,0.0,0.0,0.0,0.17038714547611344,0.7829181494661922,0.0,0.0,0.0,0.0,0.0,0.0,0.0,0.0,0.0,0.7827024695352097
deduplicated,5S_rRNA,0.9090909090909091,0.0,9273,0.04513888888888884,0.0,0.1435028248587571,0.7382724037528308,0.05747870160681549,0.0010326164364050706,-1.5781582892763872e-05,0.00527530923114625,0.2531003990078723,0.008842877170279305,0.001063280732305163,0.0002522410616684986,0.005055297763375085,0.1765400688225843,0.07247565267150896,0.2821767116518529,-0.16129032258064516,-0.36363636363636365,-0.02857142857142857,0.006578237894963874
deduplicated,5S_rRNA,0.9090909090909091,1.0,9273,0.0,0.0,0.0,0.05187102340127251,0.9002480319206297,0.0,0.0,0.0,0.08238973363528523,0.8981990725762968,0.0,0.0,0.0,0.0,0.0,0.0,0.0,0.0,0.0,0.8980912326108056
deduplicated,5S_rRNA,1.0,0.0,9273,0.044505494505494514,0.0,0.14084507042253525,0.7338509651676911,0.05747870160681549,0.0010864841373315962,0.0,0.005555925211258235,0.24695352097487328,0.008627197239296884,0.0010998337147829062,0.000257753401757504,0.005398746770900206,0.17656259125185267,0.07247565267150896,0.28227425977582776,-0.16129032258064516,-0.3611111111111111,-0.02857142857142857,0.006578237894963874
deduplicated,5S_rRNA,1.0,1.0,9273,0.0,0.0,0.0,0.0,1.0,0.0,0.0,0.0,0.0,1.0,0.0,0.0,0.0,0.0,0.0,0.0,0.0,0.0,0.0,1.0
deduplicated,RNaseP,0.0,0.0,31,0.0,0.0,0.0,0.0,1.0,0.0,0.0,0.0,0.0,1.0,0.0,0.0,0.0,0.0,0.0,0.0,0.0,0.0,0.0,1.0
deduplicated,RNaseP,0.0,1.0,31,-0.07726075504828789,-0.19533794378995617,-0.014927935744383308,0.12903225806451613,0.0,1.025894079513881e-05,-0.00434503241198764,0.001777758291711656,0.4838709677419355,0.0,-0.00125291585146805,-0.00490463094103691,-0.0003524169976039502,-0.1760219055018679,-0.3028852807769813,-0.09730146110027116,0.20481927710843373,0.05402930402930403,0.4008295625942685,0.0
deduplicated,RNaseP,9.999000099990002e-05,0.0,31,0.016260162601625994,0.0,0.06008602022369233,0.6774193548387096,0.2903225806451613,1.8681973430230078e-05,-3.145131818036318e-05,4.4962428082122004e-05,0.41935483870967744,0.03225806451612903,1.743872527038725e-06,7.698506233977821e-07,4.4594204455845726e-06,0.07113101896785673,0.034396944793798456,0.13543618301761218,-0.06892655367231638,-0.13769363166953527,-0.03278786430960344,0.03225806451612903
deduplicated,RNaseP,9.999000099990002e-05,1.0,31,-0.033333333333333326,-0.1424776323440895,-0.009171107626822828,0.16129032258064516,0.0,-4.616523357814373e-06,-0.004384849954370697,0.0017734703724560522,0.5161290322580645,0.0,-0.0012442595368031748,-0.004900793376392068,-0.00034890959419717313,-0.10267334428256852,-0.14719274941588434,-0.046926359259350736,0.08333333333333333,0.021153846153846155,0.20405701754385963,0.0
deduplicated,RNaseP,0.0002999100269919024,0.0,31,0.025836614173228356,0.0,0.07619910282953762,0.7096774193548387,0.1935483870967742,3.9654636045841074e-05,-5.1011950413657175e-05,0.00012447959772088867,0.41935483870967744,0.0,9.485102289085932e-06,3.521869889422299e-06,1.3125550644897296e-05,0.11458166371004846,0.05892487353615983,0.1943980174925818,-0.13314536340852134,-0.21097598522167488,-0.0518783542039356,0.0
deduplicated,RNaseP,0.0002999100269919024,1.0,31,-0.029234972677595672,-0.1090605673423011,-0.006940342261729127,0.12903225806451613,0.03225806451612903,2.676207345854659e-05,-0.0042234500822901765,0.0018326091111846928,0.4838709677419355,0.0,-0.0012375172808503014,-0.0048938860614335085,-0.0003396504519571767,-0.04533632452413788,-0.10778909972834043,-0.03555008653531219,0.028985507246376812,0.01325957147874956,0.14147727272727273,0.0
deduplicated,RNaseP,0.0009990009990009992,0.0,31,0.05524193548387102,0.005131280821004891,0.09296299755600185,0.7419354838709677,0.12903225806451613,4.4324684165717235e-05,-8.162551851534534e-05,0.00029208370249545835,0.3870967741935484,0.0,2.1467638053563705e-05,1.3463990087174682e-05,2.7756231473578108e-05,0.13557167970678835,0.07329783925378397,0.21996962486267935,-0.15416666666666667,-0.2949652118912081,-0.05207433016421781,0.0
deduplicated,RNaseP,0.0009990009990009992,1.0,31,-0.019131714495952912,-0.08396718988445606,0.0,0.22580645161290322,0.06451612903225806,0.0,-0.004397844971984253,0.0019742544779803067,0.4838709677419355,0.03225806451612903,-0.0012214228864069138,-0.004879675632075079,-0.0003307548686859108,-0.03612549816692939,-0.06436554705350658,-0.01075225265767904,0.0125,0.0,0.06933429464071136,0.03225806451612903
deduplicated,RNaseP,0.0029910269192422734,0.0,31,0.0678733031674208,0.010181785871509946,0.1135196687370601,0.7741935483870968,0.03225806451612903,0.00011438718986580589,-0.00017392324060283202,0.00037028336864881276,0.41935483870967744,0.0,3.262386804123373e-05,2.1096126783176327e-05,7.933881100544588e-05,0.15088268869558258,0.07780000455921277,0.25370429629330915,-0.16790123456790124,-0.3515834366693767,-0.05207433016421781,0.0
deduplicated,RNaseP,0.0029910269192422734,1.0,31,-0.011352885525070966,-0.051549707602339206,0.0,0.1935483870967742,0.0967741935483871,0.0004992388310372554,-0.004570336250764536,0.0020128272407999334,0.41935483870967744,0.03225806451612903,-0.0011086540795433157,-0.004869754575346757,-0.0003225107043006015,-0.020656684124936098,-0.04286224613955497,-0.009249122015998978,0.0,0.0,0.02434759214420231,0.03225806451612903
deduplicated,RNaseP,0.009900990099009901,0.0,31,0.04591270798167346,0.008350171224755037,0.13926290109898032,0.7741935483870968,0.06451612903225806,4.4324684165717235e-05,-0.00027191840555871086,0.0005273526200697313,0.41935483870967744,0.0,8.152866392407732e-05,5.4421237402996194e-05,0.00017908480490741278,0.15857433167230672,0.08659628634707087,0.2659190914108269,-0.20481927710843373,-0.3887796206662778,-0.05402930402930403,0.0
deduplicated,RNaseP,0.009900990099009901,1.0,31,-0.012238325281803575,-0.04076479076479078,-0.002490421455938696,0.1935483870967742,0.06451612903225806,0.0003593681407046759,-0.003841898913789376,0.0019107320999284891,0.41935483870967744,0.03225806451612903,-0.0009587689681613768,-0.004790021961103931,-0.0002769111832750169,-0.012358230980050011,-0.024634711161537842,-0.0026032170770815544,0.0,0.0,0.0,0.03225806451612903
deduplicated,RNaseP,0.029126213592233007,0.0,31,0.07900136798905605,0.008350171224755037,0.14860062418201953,0.8064516129032258,0.0967741935483871,0.00025544762579897753,-0.0006889733449200034,0.0008095566390658874,0.41935483870967744,0.0,0.00015776814208722027,6.598259907388717e-05,0.0003155436344023215,0.1711240335104103,0.08963256502767564,0.27528160774267757,-0.20481927710843373,-0.4008295625942685,-0.05402930402930403,0.0
deduplicated,RNaseP,0.029126213592233007,1.0,31,-0.008218437415517754,-0.03573071307793729,-0.003637210446764405,0.12903225806451613,0.0967741935483871,0.0003593681407046759,-0.0037004588982959127,0.0017169108445899126,0.41935483870967744,0.03225806451612903,-0.000774644290520071,-0.004576757628795886,-0.00026017896144053305,-0.008197850210329538,-0.014841112940070511,-0.0018648285646659102,0.0,0.0,0.0,0.03225806451612903
deduplicated,RNaseP,0.09090909090909091,0.0,31,0.07900136798905605,0.013374886378392431,0.1640692640692641,0.8064516129032258,0.03225806451612903,4.924286476128137e-05,-0.0010596500384323034,0.00046182318179686975,0.45161290322580644,0.0,0.00041171619407629904,0.00011753589026245901,0.0007205849449082555,0.17233650030603523,0.0962166501981205,0.28892663788281314,-0.20481927710843373,-0.4008295625942685,-0.05402930402930403,0.0
deduplicated,RNaseP,0.09090909090909091,1.0,31,-0.011278195488721776,-0.02989291743187339,0.0,0.12903225806451613,0.22580645161290322,0.0,-0.003488708652542459,0.0011431749860809396,0.3870967741935484,0.1935483870967742,-0.000774644290520071,-0.004298449453479141,-0.00015772479263719095,-0.0012939053786526489,-0.00725042495676001,-0.0006203723947062478,0.0,0.0,0.0,0.1935483870967742
deduplicated,RNaseP,0.23076923076923075,0.0,31,0.08303186907838073,0.013374886378392431,0.17086667417280427,0.8387096774193549,0.03225806451612903,-0.00021527420625746087,-0.0010436772365275794,0.0005998850206944714,0.6129032258064516,0.0,0.0007140287400234515,0.00016619163235382178,0.0012523349782327694,0.1733586273311896,0.09645693184832457,0.3003633016329885,-0.20481927710843373,-0.4008295625942685,-0.05402930402930403,0.0
deduplicated,RNaseP,0.23076923076923075,1.0,31,-0.004139433551198279,-0.017728837042996354,0.0,0.0967741935483871,0.2903225806451613,0.0,-0.003629904015633254,0.00045697026133031883,0.3870967741935484,0.2903225806451613,-0.0007101053291641234,-0.0039365062501346675,0.0,-0.0012033805206245196,-0.004227588705114943,0.0,0.0,0.0,0.0,0.2903225806451613
deduplicated,RNaseP,0.5,0.0,31,0.08712252690038186,0.014927935744383308,0.1929455992923485,0.8709677419354839,0.0,-0.00021527420625746087,-0.0015849492835017238,0.0034022570310540444,0.5483870967741935,0.0,0.0010456953172358605,0.00032656605800235685,0.0027905708446556874,0.17542192791945257,0.0968829782179135,0.302179018886387,-0.20481927710843373,-0.4008295625942685,-0.05402930402930403,0.0
deduplicated,RNaseP,0.5,1.0,31,0.0,-0.005341355152097799,0.0,0.03225806451612903,0.6129032258064516,0.0,-0.0002712836530400029,0.0,0.25806451612903225,0.6129032258064516,0.0,-0.0009883959551947766,0.0,0.0,-0.00035272366432992364,0.0,0.0,0.0,0.0,0.6129032258064516
deduplicated,RNaseP,0.75,0.0,31,0.07726075504828789,0.014927935744383308,0.1929455992923485,0.8709677419354839,0.0,-0.00021527420625746087,-0.0019324381692657666,0.0034022570310540444,0.5483870967741935,0.0,0.00125291585146805,0.00033327651750223445,0.003993621431040631,0.17593440346535302,0.09730146110027116,0.3028852807769813,-0.20481927710843373,-0.4008295625942685,-0.05402930402930403,0.0
deduplicated,RNaseP,0.75,1.0,31,0.0,0.0,0.0,0.03225806451612903,0.7419354838709677,0.0,0.0,0.0,0.1935483870967742,0.7419354838709677,0.0,-0.00028069653588749886,0.0,0.0,-5.211229201523837e-06,0.0,0.0,0.0,0.0,0.7419354838709677
deduplicated,RNaseP,0.9090909090909091,0.0,31,0.07726075504828789,0.014927935744383308,0.1929455992923485,0.8709677419354839,0.0,-1.025894079513881e-05,-0.0019324381692657666,0.003502647353080642,0.5161290322580645,0.0,0.00125291585146805,0.0003524169976039502,0.004608856907039454,0.17597385334339036,0.09730146110027116,0.3028852807769813,-0.20481927710843373,-0.4008295625942685,-0.05402930402930403,0.0
deduplicated,RNaseP,0.9090909090909091,1.0,31,0.0,0.0,0.0,0.03225806451612903,0.7419354838709677,0.0,0.0,0.0,0.1935483870967742,0.7419354838709677,0.0,-0.00019024812827340612,0.0,0.0,-5.211229201523837e-06,0.0,0.0,0.0,0.0,0.7419354838709677
deduplicated,RNaseP,1.0,0.0,31,0.07726075504828789,0.014927935744383308,0.19533794378995617,0.8709677419354839,0.0,-1.025894079513881e-05,-0.001777758291711656,0.00434503241198764,0.5161290322580645,0.0,0.00125291585146805,0.0003524169976039502,0.00490463094103691,0.1760219055018679,0.09730146110027116,0.3028852807769813,-0.20481927710843373,-0.4008295625942685,-0.05402930402930403,0.0
deduplicated,RNaseP,1.0,1.0,31,0.0,0.0,0.0,0.0,1.0,0.0,0.0,0.0,0.0,1.0,0.0,0.0,0.0,0.0,0.0,0.0,0.0,0.0,0.0,1.0
deduplicated,SRP,0.0,0.0,293,0.0,0.0,0.0,0.0,1.0,0.0,0.0,0.0,0.0,1.0,0.0,0.0,0.0,0.0,0.0,0.0,0.0,0.0,0.0,1.0
deduplicated,SRP,0.0,1.0,293,-0.04040404040404033,-0.09523809523809529,-0.00544365813826897,0.10238907849829351,0.11262798634812286,-0.0005501230333445099,-0.004000262383977091,0.0003502795639909965,0.658703071672355,0.020477815699658702,-0.0006429614548602537,-0.0029057722297801476,-0.00013519451952263985,-0.14015023385783731,-0.2428679615445611,-0.07626230947520207,0.10344827586206896,0.034482758620689655,0.25925925925925924,0.020477815699658702
deduplicated,SRP,9.999000099990002e-05,0.0,293,0.012578616352201366,0.0,0.04195804195804195,0.621160409556314,0.310580204778157,0.0,-1.7024174327545053e-05,3.1279324366584316e-05,0.3515358361774744,0.18771331058020477,1.3854486312609465e-06,3.5835507919248827e-07,2.8962304867788673e-06,0.05340845574713653,0.020989177027428002,0.08463022074480192,-0.038834951456310676,-0.07291666666666667,-0.0003024803387779787,0.17747440273037543
deduplicated,SRP,9.999000099990002e-05,1.0,293,-0.016033461136284455,-0.05117979395147887,0.0,0.15699658703071673,0.14675767918088736,-0.0005871968142181962,-0.0038565963223497466,0.0003502795639909965,0.6484641638225256,0.027303754266211604,-0.0006429614548602537,-0.0029040698261498473,-0.0001339457337937764,-0.06547606926174848,-0.17750161013183757,-0.024699437815545622,0.04411764705882353,0.0,0.1951219512195122,0.027303754266211604
deduplicated,SRP,0.0002999100269919024,0.0,293,0.024844720496894346,0.0,0.06722932240173618,0.6962457337883959,0.24232081911262798,0.0,-3.637327612248569e-05,7.188170094377631e-05,0.4129692832764505,0.10921501706484642,4.956661059291357e-06,1.7623567757556142e-06,1.03901837126999e-05,0.0769507731033453,0.0394483803898808,0.11971808161562514,-0.0603999175427747,-0.12142857142857141,-0.021505376344086023,0.10238907849829351
deduplicated,SRP,0.0002999100269919024,1.0,293,-0.007650273224043713,-0.03652128218602213,0.0,0.23890784982935154,0.13993174061433447,-0.0005583680080324376,-0.003794890781192151,0.00039777509809147023,0.6416382252559727,0.027303754266211604,-0.0006343350150914372,-0.00289382562462875,-0.00013298335295857235,-0.04080934896925764,-0.12774954644925213,-0.013956241669634162,0.015873015873015872,0.0,0.13095238095238096,0.027303754266211604
deduplicated,SRP,0.0009990009990009992,0.0,293,0.028455284552845517,0.0,0.08227004380118064,0.7372013651877133,0.17747440273037543,2.1549580612008172e-05,-4.562071920447344e-05,0.00021670953591519312,0.37542662116040953,0.07167235494880546,1.5213607191284182e-05,5.0886494052229385e-06,3.416325670215449e-05,0.09578340036593307,0.054795697087049344,0.16302735340858487,-0.08333333333333333,-0.18181818181818182,-0.029411764705882353,0.07167235494880546
deduplicated,SRP,0.0009990009990009992,1.0,293,-0.0026934631720708646,-0.021567867751517478,0.004334975369458038,0.30716723549488056,0.15358361774744028,-0.000516614062234774,-0.003506979911474294,0.00037295443588367463,0.6416382252559727,0.03754266211604096,-0.0006220231600403061,-0.002882809849100823,-0.0001251597354875944,-0.019291481227304397,-0.07083252415669067,-0.006161990044027954,0.0,0.0,0.056179775280898875,0.03754266211604096
deduplicated,SRP,0.0029910269192422734,0.0,293,0.03636363636363636,0.0,0.09142857142857141,0.7474402730375427,0.14675767918088736,5.098854032556388e-05,-4.575402635431658e-05,0.00033972500085755787,0.35494880546075086,0.04778156996587031,3.055549415510832e-05,1.0888622677366633e-05,8.840260646424381e-05,0.11467187232528386,0.06494174941849246,0.19711376158546964,-0.09302325581395349,-0.23076923076923078,-0.03125,0.04778156996587031
deduplicated,SRP,0.0029910269192422734,1.0,293,-0.0020698988934002016,-0.014355702404010406,0.005042016806722671,0.3242320819112628,0.16040955631399317,-0.0004905373524267333,-0.0035994755672096174,0.0004807432672117207,0.6245733788395904,0.04778156996587031,-0.0005298033635921674,-0.0028329523475580406,-0.00011811612522092104,-0.010335245131202098,-0.03395211570777251,-0.00336181855535167,0.0,0.0,0.0,0.04778156996587031
deduplicated,SRP,0.009900990099009901,0.0,293,0.035064476240946885,0.0,0.09302325581395343,0.7440273037542662,0.13310580204778158,9.908511411302313e-05,-0.00010303024760789973,0.0004968119788811634,0.36860068259385664,0.034129692832764506,6.0276553691550356e-05,2.032326755582842e-05,0.00017948406057479363,0.1240817158779734,0.07004023824031197,0.21732330028475974,-0.10294117647058823,-0.25,-0.03260869565217391,0.034129692832764506
deduplicated,SRP,0.009900990099009901,1.0,293,0.0,-0.012852771166270038,0.003179161111680817,0.310580204778157,0.21160409556313994,-0.000469872789937342,-0.0032739324461815884,0.0001683463895310992,0.5870307167235495,0.10238907849829351,-0.0005298033635921674,-0.0027421476708467674,-9.63442965991368e-05,-0.00524334772780527,-0.01859350622074324,-0.001402979381058933,0.0,0.0,0.0,0.10238907849829351
deduplicated,SRP,0.029126213592233007,0.0,293,0.038762446657183536,0.0,0.09737361154365198,0.7440273037542662,0.12627986348122866,0.00013095729784726347,-0.00012619681215878854,0.0006588526351158028,0.35494880546075086,0.030716723549488054,0.0001075948285192193,3.070000653691219e-05,0.0003361304447998784,0.13603142626808168,0.07445857287586227,0.23160652441304413,-0.10344827586206896,-0.25925925925925924,-0.034482758620689655,0.030716723549488054
deduplicated,SRP,0.029126213592233007,1.0,293,0.0,-0.009661835748792202,0.003996397613418967,0.31399317406143346,0.24232081911262798,-0.00017122728763669433,-0.003129918792049142,0.00011441971510670534,0.5699658703071673,0.14675767918088736,-0.0004393666546497007,-0.0024649948925064965,-6.464736140950118e-05,-0.0025630295477958587,-0.00973262667627739,-0.00038561962644723113,0.0,0.0,0.0,0.14675767918088736
deduplicated,SRP,0.09090909090909091,0.0,293,0.036363636363636376,0.0,0.09523809523809523,0.7440273037542662,0.13310580204778158,0.0001859116176169851,-0.00023887874580458962,0.0012484568247626317,0.3515358361774744,0.030716723549488054,0.00019865695934726451,5.4733904345896176e-05,0.0006967826060294755,0.13782449094455068,0.07445857287586227,0.2401861100428061,-0.10344827586206896,-0.25925925925925924,-0.034482758620689655,0.030716723549488054
deduplicated,SRP,0.09090909090909091,1.0,293,0.0,-0.005793980413269728,0.0,0.24914675767918087,0.37542662116040953,0.0,-0.0026128038997480715,0.0,0.4641638225255973,0.2935153583617747,-0.0003152853108724293,-0.002089975316398981,0.0,-0.0008623089572090681,-0.004737078905953873,0.0,0.0,0.0,0.0,0.2935153583617747
deduplicated,SRP,0.23076923076923075,0.0,293,0.036363636363636376,0.0,0.09523809523809523,0.7474402730375427,0.13310580204778158,0.00027833269735808713,-0.00041487803432480735,0.0019017355169885092,0.3515358361774744,0.027303754266211604,0.0003188516528680422,8.622566101232972e-05,0.0011274069025113442,0.1381928376785525,0.07586298031178607,0.24113465713109214,-0.10344827586206896,-0.25925925925925924,-0.034482758620689655,0.027303754266211604
deduplicated,SRP,0.23076923076923075,1.0,293,0.0,-0.004040404040404039,0.0,0.18430034129692832,0.47440273037542663,0.0,-0.0014752393537092075,0.0,0.3924914675767918,0.41638225255972694,-0.00013022087944467925,-0.0015206121809208657,0.0,-0.00015773256108120304,-0.0016544979818369498,0.0,0.0,0.0,0.0,0.41638225255972694
deduplicated,SRP,0.5,0.0,293,0.0393093186615453,0.003710575139146577,0.09499263622974963,0.764505119453925,0.12627986348122866,0.00035208788113513106,-0.0004462123063931913,0.0024189646831156257,0.35494880546075086,0.023890784982935155,0.00043521774727986386,0.00011995050859321176,0.0020122135561626764,0.1399085382136907,0.07626230947520207,0.2428679615445611,-0.10344827586206896,-0.25925925925925924,-0.034482758620689655,0.023890784982935155
deduplicated,SRP,0.5,1.0,293,0.0,0.0,0.0,0.1296928327645051,0.6655290102389079,0.0,-0.00022580862382438113,0.0,0.2832764505119454,0.6245733788395904,0.0,-0.000622111535804768,0.0,0.0,-0.00021669477904195933,0.0,0.0,0.0,0.0,0.6245733788395904
deduplicated,SRP,0.75,0.0,293,0.0393093186615453,0.005099959200326354,0.09569947305796367,0.7815699658703071,0.11262798634812286,0.00038793232073050694,-0.0004462123063931913,0.003172832479605387,0.3583617747440273,0.020477815699658702,0.0004985717356453709,0.00013298335295857235,0.0023150843090708976,0.14015023385783731,0.07626230947520207,0.2428679615445611,-0.10344827586206896,-0.25925925925925924,-0.034482758620689655,0.020477815699658702
deduplicated,SRP,0.75,1.0,293,0.0,0.0,0.0,0.08191126279863481,0.8054607508532423,0.0,0.0,0.0,0.17747440273037543,0.7781569965870307,0.0,0.0,0.0,0.0,0.0,0.0,0.0,0.0,0.0,0.7781569965870307
deduplicated,SRP,0.9090909090909091,0.0,293,0.04043715846994539,0.00544365813826897,0.09499263622974963,0.7849829351535836,0.11262798634812286,0.000491411990452567,-0.00037749994440744146,0.003607073117812977,0.32764505119453924,0.020477815699658702,0.0005888204264698183,0.00013519451952263985,0.0028503933713391674,0.14015023385783731,0.07626230947520207,0.2428679615445611,-0.10344827586206896,-0.25925925925925924,-0.034482758620689655,0.020477815699658702
deduplicated,SRP,0.9090909090909091,1.0,293,0.0,0.0,0.0,0.03754266211604096,0.9146757679180887,0.0,0.0,0.0,0.08191126279863481,0.89419795221843,0.0,0.0,0.0,0.0,0.0,0.0,0.0,0.0,0.0,0.89419795221843
deduplicated,SRP,1.0,0.0,293,0.04040404040404033,0.00544365813826897,0.09523809523809529,0.7849829351535836,0.11262798634812286,0.0005501230333445099,-0.0003502795639909965,0.004000262383977091,0.32081911262798635,0.020477815699658702,0.0006429614548602537,0.00013519451952263985,0.0029057722297801476,0.14015023385783731,0.07626230947520207,0.2428679615445611,-0.10344827586206896,-0.25925925925925924,-0.034482758620689655,0.020477815699658702
deduplicated,SRP,1.0,1.0,293,0.0,0.0,0.0,0.0,1.0,0.0,0.0,0.0,0.0,1.0,0.0,0.0,0.0,0.0,0.0,0.0,0.0,0.0,0.0,1.0
deduplicated,group_I_intron,0.0,0.0,47,0.0,0.0,0.0,0.0,1.0,0.0,0.0,0.0,0.0,1.0,0.0,0.0,0.0,0.0,0.0,0.0,0.0,0.0,0.0,1.0
deduplicated,group_I_intron,0.0,1.0,47,-0.11299435028248594,-0.18774460099677853,-0.061152148745603985,0.0,0.0,-0.0001335705801256518,-0.0023300390024574296,0.0010120954962338055,0.5957446808510638,0.0,-0.0007088402752986769,-0.0030450684775665923,-0.0001419045574718896,-0.17694101971060125,-0.2584146026060431,-0.11120787624844394,0.17721518987341772,0.08094572559981364,0.2879034130485256,0.0
deduplicated,group_I_intron,9.999000099990002e-05,0.0,47,0.047890818858560724,0.028727608848090752,0.09156502744413714,0.9574468085106383,0.0,2.434879156947489e-06,-2.6208490279324304e-05,5.9043103194127556e-05,0.46808510638297873,0.02127659574468085,2.0807926157582347e-06,1.1581419309452255e-06,3.6034812077391824e-06,0.07641498554789417,0.05282640022034535,0.11949847524617518,-0.08376068376068374,-0.12655295646523718,-0.03729929707732149,0.0
deduplicated,group_I_intron,9.999000099990002e-05,1.0,47,-0.044009458749343144,-0.1056009358271055,-0.0243624052118932,0.06382978723404255,0.02127659574468085,-0.00013953355245268978,-0.0022778071672920662,0.0009012986029371815,0.574468085106383,0.0,-0.0007065601251226454,-0.0030384659150140677,-0.0001394040263737287,-0.08239828071599384,-0.1322632055452661,-0.03711043174270859,0.07792207792207792,0.024562989752863168,0.15228070175438596,0.0
deduplicated,group_I_intron,0.0002999100269919024,0.0,47,0.06578947368421051,0.034153199956563574,0.10333704115684095,0.9574468085106383,0.02127659574468085,9.548279573625817e-06,-4.619759803529863e-05,6.576960582752359e-05,0.46808510638297873,0.0,5.5392719417534504e-06,2.9202189257587716e-06,9.33644273179979e-06,0.11201767215961789,0.06326263772842756,0.15640996686550862,-0.12655367231638415,-0.1762210799530747,-0.049518616838078275,0.0
deduplicated,group_I_intron,0.0002999100269919024,1.0,47,-0.0337078651685393,-0.06805648734466341,-0.01743210340661855,0.06382978723404255,0.0,-0.00013953355245268978,-0.0022627679697255257,0.0009136099083029481,0.5531914893617021,0.0,-0.0007054536651890977,-0.0030237923198302335,-0.00013682176222774807,-0.057994306869428414,-0.08505538249159357,-0.029474970076847046,0.04938271604938271,0.01316017316017316,0.09307359307359307,0.0
deduplicated,group_I_intron,0.0009990009990009992,0.0,47,0.08425249169435217,0.04852226637483201,0.11820935290024304,0.9787234042553191,0.0,1.2825516181220868e-05,-5.393594344794023e-05,8.413341702336415e-05,0.40425531914893614,0.0,1.6601054325956096e-05,9.282259496799627e-06,2.9075592067437217e-05,0.13530982035803707,0.09364947945906782,0.19234457923054724,-0.1542089985486212,-0.220518541825797,-0.06268968852657228,0.0
deduplicated,group_I_intron,0.0009990009990009992,1.0,47,-0.02196586599241468,-0.04940258334638775,-0.009362049659510596,0.1276595744680851,0.0425531914893617,-0.00013987069033257794,-0.0022913171255133456,0.0008739506357226235,0.5531914893617021,0.0,-0.0006776018141487511,-0.0030005601217697455,-0.0001278270651196018,-0.028958028505307543,-0.049095468928410727,-0.018333769958993523,0.024691358024691357,0.012517602879048663,0.04492971887550201,0.0
deduplicated,group_I_intron,0.0029910269192422734,0.0,47,0.10227272727272718,0.04857623509686193,0.1254952868707286,0.9787234042553191,0.0,5.358137939903088e-05,-5.857402518447477e-05,0.00019099398042979131,0.3191489361702128,0.0,4.3987430545729586e-05,2.108308445576011e-05,6.563979583827049e-05,0.15931175831732308,0.09920305033041696,0.21229226411994317,-0.16486951086107204,-0.2601853770584421,-0.07326647084248503,0.0
deduplicated,group_I_intron,0.0029910269192422734,1.0,47,-0.01579352850539284,-0.031379355593832814,-0.0020898290411199283,0.1276595744680851,0.0851063829787234,-7.738041501694631e-06,-0.0019625097007640617,0.0008766047012792223,0.5106382978723404,0.0,-0.0006483554278127271,-0.002972116672731561,-0.00011537885535041294,-0.018714809873721372,-0.03645020319807629,-0.00976637444409767,0.011904761904761904,0.0,0.01683644595359366,0.0
deduplicated,group_I_intron,0.009900990099009901,0.0,47,0.10909090909090913,0.061412059926491125,0.14771777610370262,0.9787234042553191,0.0,2.08326099788202e-05,-0.00028288835202194525,0.00019288328242243145,0.46808510638297873,0.0,8.410066220233055e-05,5.743323812535696e-05,0.00012897554917267663,0.17131118947347918,0.10621498219901271,0.22189058766367636,-0.17721518987341772,-0.2775021570319241,-0.08094572559981364,0.0
deduplicated,group_I_intron,0.009900990099009901,1.0,47,-0.006895852347632014,-0.023968863726013645,0.0011090868555754807,0.2765957446808511,0.10638297872340426,0.0,-0.0020619702653409053,0.0007248443376604107,0.48936170212765956,0.02127659574468085,-0.0005694813814465662,-0.0029268224774217184,-8.221122928775342e-05,-0.010197737239076632,-0.02078239474239424,-0.003059638855808705,0.0,0.0,0.006024096385542169,0.02127659574468085
deduplicated,group_I_intron,0.029126213592233007,0.0,47,0.10099876557064302,0.06144982020268058,0.15290407323192795,1.0,0.0,5.648919644118055e-05,-0.0003206905298508665,0.0005128407175610731,0.40425531914893614,0.0,0.0001694115688393258,8.666388543302965e-05,0.00027598695785299894,0.1758619361991062,0.10771757708421517,0.2383326781422943,-0.17721518987341772,-0.2879034130485256,-0.08094572559981364,0.0
deduplicated,group_I_intron,0.029126213592233007,1.0,47,-0.006895852347632014,-0.018803975432409636,0.0014690982776089379,0.2553191489361702,0.2127659574468085,0.0,-0.0012727931537257382,0.0006863956633257218,0.46808510638297873,0.19148936170212766,-0.0004472290404951336,-0.0027840245441308163,-3.111741410339894e-05,-0.0039828720586331245,-0.010239976450187982,-0.0005085230324052559,0.0,0.0,0.0,0.19148936170212766
deduplicated,group_I_intron,0.09090909090909091,0.0,47,0.1006535947712418,0.0581055565545765,0.1620735184006214,1.0,0.0,5.648919644118055e-05,-0.0004875620996332899,0.0007440820347899181,0.44680851063829785,0.0,0.000301020317881594,0.00011645050227813335,0.0005399449459870882,0.17694101971060125,0.10771757708421517,0.24883475041125827,-0.17721518987341772,-0.2879034130485256,-0.08094572559981364,0.0
deduplicated,group_I_intron,0.09090909090909091,1.0,47,0.0,-0.009802537214044782,0.0,0.1702127659574468,0.3829787234042553,0.0,-0.0002647464499712937,0.00044134649226211953,0.2978723404255319,0.3829787234042553,-0.0003609319151589676,-0.0023735545650253225,0.0,-0.0009959092806415826,-0.006505444237124874,0.0,0.0,0.0,0.0,0.3829787234042553
deduplicated,group_I_intron,0.23076923076923075,0.0,47,0.10370370370370369,0.0581055565545765,0.16804235457847067,1.0,0.0,5.648919644118055e-05,-0.0008415557709393995,0.0007852417543680447,0.46808510638297873,0.0,0.000455356845682841,0.0001286413698447049,0.0010226671749149784,0.17694101971060125,0.11120787624844394,0.25215423883629784,-0.17721518987341772,-0.2879034130485256,-0.08094572559981364,0.0
deduplicated,group_I_intron,0.23076923076923075,1.0,47,0.0,-0.006657688263138006,0.0,0.1702127659574468,0.46808510638297873,0.0,-0.0002502986528423975,1.0179322649362874e-05,0.2765957446808511,0.46808510638297873,-0.00017371252743754461,-0.0014307695855953224,0.0,-0.00017218240369148985,-0.001610992584105464,0.0,0.0,0.0,0.0,0.46808510638297873
deduplicated,group_I_intron,0.5,0.0,47,0.11299435028248594,0.0581055565545765,0.16875095338472323,1.0,0.0,9.628801540608216e-05,-0.0010579030656521602,0.0009717444026346492,0.425531914893617,0.0,0.0005957531957084463,0.0001419045574718896,0.002104954888194527,0.17694101971060125,0.11120787624844394,0.2564387752403168,-0.17721518987341772,-0.2879034130485256,-0.08094572559981364,0.0
deduplicated,group_I_intron,0.5,1.0,47,0.0,0.0,0.0,0.1702127659574468,0.6170212765957447,0.0,0.0,0.0,0.23404255319148937,0.6170212765957447,0.0,-0.0008311341034992331,0.0,0.0,-0.00027335576145665064,0.0,0.0,0.0,0.0,0.6170212765957447
deduplicated,group_I_intron,0.75,0.0,47,0.11299435028248594,0.061152148745603985,0.17965677090008791,1.0,0.0,0.0001335705801256518,-0.0010120954962338055,0.0011818295447271695,0.425531914893617,0.0,0.0007088402752986769,0.0001419045574718896,0.0023258237249242477,0.17694101971060125,0.11120787624844394,0.2584146026060431,-0.17721518987341772,-0.2879034130485256,-0.08094572559981364,0.0
deduplicated,group_I_intron,0.75,1.0,47,0.0,0.0,0.0,0.0851063829787234,0.851063829787234,0.0,0.0,0.0,0.10638297872340426,0.851063829787234,0.0,0.0,0.0,0.0,0.0,0.0,0.0,0.0,0.0,0.851063829787234
deduplicated,group_I_intron,0.9090909090909091,0.0,47,0.11299435028248594,0.061152148745603985,0.17965677090008791,1.0,0.0,0.0001335705801256518,-0.0010120954962338055,0.0014678460710247539,0.40425531914893614,0.0,0.0007088402752986769,0.0001419045574718896,0.00268780498964301,0.17694101971060125,0.11120787624844394,0.2584146026060431,-0.17721518987341772,-0.2879034130485256,-0.08094572559981364,0.0
deduplicated,group_I_intron,0.9090909090909091,1.0,47,0.0,0.0,0.0,0.0425531914893617,0.9148936170212766,0.0,0.0,0.0,0.06382978723404255,0.9148936170212766,0.0,0.0,0.0,0.0,0.0,0.0,0.0,0.0,0.0,0.9148936170212766
deduplicated,group_I_intron,1.0,0.0,47,0.11299435028248594,0.061152148745603985,0.18774460099677853,1.0,0.0,0.0001335705801256518,-0.0010120954962338055,0.0023300390024574296,0.40425531914893614,0.0,0.0007088402752986769,0.0001419045574718896,0.0030450684775665923,0.17694101971060125,0.11120787624844394,0.2584146026060431,-0.17721518987341772,-0.2879034130485256,-0.08094572559981364,0.0
deduplicated,group_I_intron,1.0,1.0,47,0.0,0.0,0.0,0.0,1.0,0.0,0.0,0.0,0.0,1.0,0.0,0.0,0.0,0.0,0.0,0.0,0.0,0.0,0.0,1.0
deduplicated,tRNA,0.0,0.0,6428,0.0,0.0,0.0,0.0,1.0,0.0,0.0,0.0,0.0,1.0,0.0,0.0,0.0,0.0,0.0,0.0,0.0,0.0,0.0,1.0
deduplicated,tRNA,0.0,1.0,6428,-0.05813953488372092,-0.19609825730089808,0.0,0.17517112632233978,0.14405724953329185,0.0,-0.0037896551559960323,0.002005430087621868,0.4884878655880523,0.07638456751711263,-0.001270263048897735,-0.005852837974730446,-0.00020412492336127148,-0.14871671043393125,-0.24246319209853207,-0.06516262247922,0.13043478260869565,0.04041666666666667,0.2631578947368421,0.07420659614187927
deduplicated,tRNA,9.999000099990002e-05,0.0,6428,0.0,0.0,0.0,0.1855942750466708,0.8036714374611077,0.0,0.0,0.0,0.18466085874299937,0.64934660858743,0.0,0.0,1.0233843024453219e-06,0.0,0.0,0.034909691040124695,0.0,-0.038461538461538464,0.0,0.6417237087741132
deduplicated,tRNA,9.999000099990002e-05,1.0,6428,-0.045454545454545414,-0.17948717948717952,0.0,0.18932794026135658,0.15199128811449908,0.0,-0.0037426963825293743,0.0019989257712544847,0.4838207840696951,0.085718730553827,-0.0012685172753214061,-0.005852074739832122,-0.00020336167367014212,-0.12282670028471893,-0.22322691028512495,-0.04478508876856217,0.1,0.0,0.25,0.08307405102675794
deduplicated,tRNA,0.0002999100269919024,0.0,6428,0.0,0.0,0.04347826086956519,0.34116365899191037,0.6341008089607966,0.0,-3.085277057880177e-05,4.683688921595594e-05,0.30693839452395766,0.4027691350342253,1.8004314516218691e-06,0.0,7.452178458956084e-06,0.027671003388644866,0.0,0.06106932939571135,0.0,-0.05263157894736842,0.0,0.3865899191039203
deduplicated,tRNA,0.0002999100269919024,1.0,6428,-0.0346601907577517,-0.1505578843400141,0.0,0.20115121344119477,0.16365899191039204,0.0,-0.0036811858090337922,0.002005430087621868,0.4780647168637212,0.09769757311761046,-0.0012599298597082216,-0.00584576111479876,-0.00019643745786663837,-0.0927562577905357,-0.19480652645572927,-0.030969316083514567,0.07692307692307693,0.0,0.21052631578947367,0.0955196017423771
deduplicated,tRNA,0.0009990009990009992,0.0,6428,0.008130081300813052,0.0,0.07082452431289643,0.5093341630367144,0.44290603609209706,0.0,-0.000131499308765483,0.00019128818932065417,0.40105787181082764,0.20737398879900434,1.6119926193511635e-05,2.6509135764426624e-06,3.7307997802332147e-05,0.05867678287662645,0.02133062193151447,0.11470064766894512,-0.05,-0.125,0.0,0.1859054138145613
deduplicated,tRNA,0.0009990009990009992,1.0,6428,-0.02135232398390291,-0.10158730158730156,0.0,0.22230864965774735,0.19041692594897325,0.0,-0.003562864441826836,0.0019437245464642757,0.46281891723708773,0.126633478531425,-0.0012403061444407847,-0.005817676162798852,-0.00018260106866421798,-0.05576131066323756,-0.13686887074074827,-0.016365552923056678,0.043478260869565216,0.0,0.13636363636363635,0.1238332296204107
deduplicated,tRNA,0.0029910269192422734,0.0,6428,0.028722102658039456,0.0,0.10526315789473689,0.5987865588052271,0.33011823273179836,0.0,-0.0002368195139279476,0.00041443414937390857,0.41910392034847543,0.13425637834474174,5.4092832387211916e-05,1.5146854574445286e-05,0.00011895254577557065,0.09251377261082927,0.04047420247601846,0.15916044949683855,-0.09523809523809523,-0.19047619047619047,-0.031177438080495362,0.12041070317361544
deduplicated,tRNA,0.0029910269192422734,1.0,6428,-0.011604302378427522,-0.06983652573556148,0.0,0.2409769757311761,0.22728686994399502,0.0,-0.003338766496661233,0.001824413910653607,0.43714996888612323,0.16832607342874922,-0.0011784639108497648,-0.005736875011048342,-0.00015502956215011465,-0.03147996535195062,-0.07929062537681378,-0.006989860538463344,0.0,0.0,0.05263157894736842,0.16692594897324206
deduplicated,tRNA,0.009900990099009901,0.0,6428,0.04126080968186227,0.0,0.1386893594210667,0.627255756067206,0.26664592408214066,0.0,-0.0004156570616357856,0.0008330248056275453,0.4167703795892968,0.1029869321717486,0.00013512331963936601,3.938817105773553e-05,0.00030668077597476105,0.11662782177376771,0.05199953064543158,0.19354255483584393,-0.1111111111111111,-0.23809523809523808,-0.04,0.09505289359054138
deduplicated,tRNA,0.009900990099009901,1.0,6428,0.0,-0.046511627906976716,0.0,0.24346608587429994,0.28173615432482885,0.0,-0.002868056361290098,0.0016725562269361122,0.39981331673926573,0.23677660236465464,-0.0010663782651950944,-0.005491489535562559,-5.570102238697499e-05,-0.01563895554408687,-0.0423883035670839,-0.000703483850686415,0.0,0.0,0.0,0.2358431860609832
deduplicated,tRNA,0.029126213592233007,0.0,6428,0.045454545454545414,0.0,0.15520773433007476,0.6330118232731798,0.23179838207840697,0.0,-0.0006688963210702322,0.0012641920599888376,0.42112632233976355,0.09163036714374612,0.00027029687955443,6.909429773238044e-05,0.0006108015464834618,0.1298064318404035,0.05821014890488249,0.21216289190761006,-0.125,-0.26132246376811596,-0.04,0.08556316116988177
deduplicated,tRNA,0.029126213592233007,1.0,6428,0.0,-0.031578947368421054,0.0,0.2283758556316117,0.3646546359676416,0.0,-0.0022871864977128138,0.0011106997408367276,0.3543870566272558,0.33229620410703176,-0.0009277784532544868,-0.005121528001532792,0.0,-0.0058405224450647775,-0.02573173525355755,0.0,0.0,0.0,0.0,0.3304293714996889
deduplicated,tRNA,0.09090909090909091,0.0,6428,0.046511627906976716,0.0,0.1707317073170732,0.6434349719975109,0.20410703173615433,0.0,-0.0010952902519167594,0.0018582281248292064,0.4368388301182327,0.08540759178593653,0.0005108465400382165,0.0001134370312739632,0.0012938585867982846,0.13927871304904932,0.062361379391273244,0.22592887539563059,-0.13043478260869565,-0.2631578947368421,-0.041249999999999995,0.08120721841941506
deduplicated,tRNA,0.09090909090909091,1.0,6428,0.0,-0.017970401691331905,0.0,0.19601742377100187,0.47666459240821407,0.0,-0.0010903317265086418,0.0,0.30056004978220285,0.4548848786558805,-0.0004116742704798397,-0.004173189943357447,0.0,-0.0009182415973079672,-0.010190678944303505,0.0,0.0,0.0,0.0,0.4541070317361543
deduplicated,tRNA,0.23076923076923075,0.0,6428,0.04761904761904767,0.0,0.1856738544474394,0.6552582451773491,0.1771935283136279,0.0,-0.0015849592829425589,0.002390404758825811,0.44555071561916615,0.0805849408836341,0.0007998283706391354,0.00014533436319736308,0.002354643474804507,0.14451884293728212,0.06448497725902735,0.2341414242969855,-0.13043478260869565,-0.2631578947368421,-0.041249999999999995,0.07809583074051027
deduplicated,tRNA,0.23076923076923075,1.0,6428,0.0,0.0,0.0,0.14950217797137524,0.6026757934038581,0.0,0.0,0.0,0.2307093963907903,0.589607965152458,0.0,-0.002720800870402079,0.0,0.0,-0.0030533295702093177,0.0,0.0,0.0,0.0,0.5891412570006223
deduplicated,tRNA,0.5,0.0,6428,0.05170545869675591,0.0,0.19365706757011103,0.6678593652769135,0.15945861854387056,0.0,-0.0018492176386913225,0.003149423527155686,0.44166148102053515,0.07809583074051027,0.0010574400066151023,0.00017535192709683715,0.00390741193762287,0.14747592802265574,0.06495781986102224,0.24030414434194114,-0.13043478260869565,-0.2631578947368421,-0.041249999999999995,0.07545115121344119
deduplicated,tRNA,0.5,1.0,6428,0.0,0.0,0.0,0.0955196017423771,0.7504667081518357,0.0,0.0,0.0,0.14763534536403236,0.7447106409458618,0.0,-0.0003129573690791893,0.0,0.0,-4.561144221909563e-05,0.0,0.0,0.0,0.0,0.7442439327940261
deduplicated,tRNA,0.75,0.0,6428,0.05544830544830548,0.0,0.19614368087573342,0.6756378344741755,0.15121344119477287,0.0,-0.001896352698582906,0.003418357032145023,0.43808338518979467,0.0770068450528936,0.0011841510877907992,0.00019790066396945088,0.004922169657361112,0.14859446219896766,0.06516262247922,0.24208569519759993,-0.13043478260869565,-0.2631578947368421,-0.041249999999999995,0.07451773490976976
deduplicated,tRNA,0.75,1.0,6428,0.0,0.0,0.0,0.05056004978220286,0.8641879278158059,0.0,0.0,0.0,0.08089607965152458,0.8612321095208463,0.0,0.0,0.0,0.0,0.0,0.0,0.0,0.0,0.0,0.861076540136901
deduplicated,tRNA,0.9090909090909091,0.0,6428,0.05764966740576494,0.0,0.19565950830252887,0.6790603609209708,0.1465463596764157,0.0,-0.001979648624225434,0.0036056974484628924,0.4362165525824518,0.07685127566894835,0.0012302574425472196,0.00020143394177940982,0.005537103144814693,0.14871671043393125,0.06516262247922,0.24246319209853207,-0.13043478260869565,-0.2631578947368421,-0.04041666666666667,0.07436216552582452
deduplicated,tRNA,0.9090909090909091,1.0,6428,0.0,0.0,0.0,0.018979464841319228,0.9458618543870566,0.0,0.0,0.0,0.03360298693217175,0.94477286869944,0.0,0.0,0.0,0.0,0.0,0.0,0.0,0.0,0.0,0.94477286869944
deduplicated,tRNA,1.0,0.0,6428,0.05813953488372092,0.0,0.19609825730089808,0.6807716241443684,0.14405724953329185,0.0,-0.002005430087621868,0.0037896551559960323,0.4351275668948351,0.07638456751711263,0.001270263048897735,0.00020412492336127148,0.005852837974730446,0.14871671043393125,0.06516262247922,0.24246319209853207,-0.13043478260869565,-0.2631578947368421,-0.04041666666666667,0.07420659614187927
deduplicated,tRNA,1.0,1.0,6428,0.0,0.0,0.0,0.0,1.0,0.0,0.0,0.0,0.0,1.0,0.0,0.0,0.0,0.0,0.0,0.0,0.0,0.0,0.0,1.0
deduplicated,tmRNA,0.0,0.0,8,0.0,0.0,0.0,0.0,1.0,0.0,0.0,0.0,0.0,1.0,0.0,0.0,0.0,0.0,0.0,0.0,0.0,0.0,0.0,1.0
deduplicated,tmRNA,0.0,1.0,8,-0.05993930806576303,-0.06815114709851544,-0.0342994837829281,0.0,0.125,0.003753748331394746,-0.003602145726444737,0.016237536825843425,0.25,0.125,-0.002345104207022862,-0.0046666570772026265,-0.0007326015376171429,-0.1356079194787858,-0.23104437246302964,-0.11841626053340251,0.1628992628992629,0.1388888888888889,0.28794813119755913,0.125
deduplicated,tmRNA,9.999000099990002e-05,0.0,8,0.01623228654845829,0.0018427518427518164,0.01754385964912275,0.75,0.25,1.9171184067100222e-05,-9.993828312244123e-06,4.958668614367802e-05,0.375,0.125,2.0261658231409365e-06,7.260402130039467e-07,3.297229157330402e-06,0.06222084555196654,0.0481315279355838,0.09019107717593908,-0.08333333333333334,-0.13105801588369903,-0.06431203931203931,0.125
deduplicated,tmRNA,9.999000099990002e-05,1.0,8,-0.043670990663471854,-0.051369903228037084,-0.022202709589379727,0.0,0.125,0.003743676948366857,-0.0035825080539315128,0.01645774469333839,0.25,0.125,-0.002342380479624686,-0.004663406254292781,-0.000731875497404139,-0.08325720897767047,-0.13901345620649694,-0.06579880192608725,0.10184275184275185,0.05555555555555555,0.1488235294117647,0.125
deduplicated,tmRNA,0.0002999100269919024,0.0,8,0.01754385964912275,0.012096774193548376,0.025173201070697523,0.75,0.25,1.822440738380015e-05,-1.2096104232816457e-05,0.00016724744745421488,0.25,0.125,8.345462425709145e-06,2.784980726610076e-06,1.1033856212343936e-05,0.09394644182804218,0.0638877730541133,0.12857444678249857,-0.12661141490088856,-0.17465192465192464,-0.09722222222222224,0.125
deduplicated,tmRNA,0.0002999100269919024,1.0,8,-0.036427114247499476,-0.051369903228037084,-0.007551020408163259,0.0,0.25,0.0037719727387785463,-0.003521730700393749,0.016329537185508204,0.25,0.125,-0.0023342105437689706,-0.004655950800181725,-0.0007298165568905328,-0.05565407634818956,-0.09383733703921236,-0.04060019646917849,0.047619047619047616,0.03125,0.126231884057971,0.125
deduplicated,tmRNA,0.0009990009990009992,0.0,8,0.015546123372948473,0.0043859649122807015,0.022285639595677892,0.75,0.125,-4.5651499064776335e-06,-1.1897414657433252e-05,0.0003387241498888963,0.5,0.125,1.591924043314283e-05,7.144309228223285e-06,2.168386718411653e-05,0.11603536594482422,0.07104733265688429,0.15248381896499902,-0.15442468662807646,-0.19431550382060986,-0.125,0.125
deduplicated,tmRNA,0.0009990009990009992,1.0,8,-0.03646905519203017,-0.05060728744939269,-0.0164749569618763,0.0,0.125,0.0037417585896948784,-0.0033780525394742087,0.016163870172590904,0.25,0.125,-0.0023182127739550477,-0.0046513957178328635,-0.0007254572283889196,-0.04851895210261614,-0.06017182141935424,-0.01989657872710919,0.015419020715630885,0.010416666666666666,0.0762987012987013,0.125
deduplicated,tmRNA,0.0029910269192422734,0.0,8,0.014343533878222209,0.0005411255411255506,0.026942355889724268,0.75,0.125,0.0002541825240372072,-6.626973172108551e-05,0.0005108773902902032,0.25,0.125,5.191704128245491e-05,2.607370362682867e-05,5.956540886851121e-05,0.12153163786162002,0.09941241206724483,0.18339637349702728,-0.15456592956592957,-0.23938824333561176,-0.1388888888888889,0.125
deduplicated,tmRNA,0.0029910269192422734,1.0,8,-0.036768188707843874,-0.04728205053784082,-0.019345169719063235,0.0,0.125,0.004007930855431953,-0.0033668665234856624,0.015720784622993655,0.25,0.125,-0.002303196336396666,-0.004632907976793851,-0.0006802846573971661,-0.02025068097434002,-0.03280786894125405,-0.014311263021772616,0.0,0.0,0.025657894736842105,0.125
deduplicated,tmRNA,0.009900990099009901,0.0,8,0.0171808946277964,0.0005411255411255506,0.0417183951883707,0.75,0.125,-8.771609463164437e-05,-0.0003883170259467391,0.0008908848265481116,0.5,0.125,9.943597285004809e-05,5.018185890644034e-05,0.00011443958056058331,0.12569982079487416,0.10754567725694286,0.20722173697357388,-0.1628992628992629,-0.2587273519767799,-0.1388888888888889,0.125
deduplicated,tmRNA,0.009900990099009901,1.0,8,-0.024367395057050212,-0.03431549355771739,-0.021362769650440816,0.0,0.125,0.0031422715047014667,-0.003342381577377402,0.016026695297610794,0.25,0.125,-0.0022679333517562437,-0.0045064774284718345,-0.0006323288949055949,-0.012145174368621642,-0.02084413384905827,-0.009265980873879254,0.0,0.0,0.0,0.125
deduplicated,tmRNA,0.029126213592233007,0.0,8,0.0171808946277964,0.0,0.048572349872729986,0.625,0.25,-0.0005078854584064174,-0.0010558865962929515,0.00038860671344881164,0.625,0.125,0.00019389387250215545,0.00012630584280541178,0.00034497839016998634,0.130075538782305,0.11181371898794071,0.21813029016983948,-0.1628992628992629,-0.27820787145729936,-0.1388888888888889,0.125
deduplicated,tmRNA,0.029126213592233007,1.0,8,-0.026855394120391757,-0.03290435702072271,-0.010885341074020283,0.0,0.125,0.0032458628729883287,-0.0025153621286242702,0.015104525355200755,0.25,0.125,-0.002094369168616629,-0.004370167855752013,-0.000537214411977947,-0.007837597965977161,-0.010529481173920614,-0.005269418367156747,0.0,0.0,0.0,0.125
deduplicated,tmRNA,0.09090909090909091,0.0,8,0.02664174321726126,0.005625736794254418,0.05129368514123506,0.875,0.125,-0.0024705760744557353,-0.0031259316347618006,0.0004139294566810651,0.625,0.125,0.0005931369800977563,0.00015440155747535955,0.0008537926851747235,0.13402117797172786,0.11709109949003943,0.22327401268606506,-0.1628992628992629,-0.28794813119755913,-0.1388888888888889,0.125
deduplicated,tmRNA,0.09090909090909091,1.0,8,-0.014778598691490313,-0.02923718416246869,0.0,0.0,0.375,0.0,-0.0011036869108698253,0.013678029233600286,0.25,0.375,-0.0016624693940893518,-0.004233631907696267,0.0,-0.0032468472485019245,-0.005869640560810199,0.0,0.0,0.0,0.0,0.375
deduplicated,tmRNA,0.23076923076923075,0.0,8,0.0324836839359367,0.010859223709691002,0.05684046281193118,0.875,0.125,-0.0027632809715011503,-0.004056467815239207,0.0004175817754164862,0.625,0.125,0.000727002057120464,0.0004301427830277143,0.0009666080158194499,0.13443746964062414,0.11771022309611269,0.22649362268109144,-0.1628992628992629,-0.28794813119755913,-0.1388888888888889,0.125
deduplicated,tmRNA,0.23076923076923075,1.0,8,-0.005479452054794498,-0.02780107175756262,0.0,0.0,0.5,0.0,0.0,0.011254945661837004,0.125,0.5,-0.0007103129312676051,-0.004059323967975986,0.0,-0.0011260549828066013,-0.0024617121945323256,0.0,0.0,0.0,0.0,0.5
deduplicated,tmRNA,0.5,0.0,8,0.038458805752478176,0.02190682130447273,0.06445157987807712,0.875,0.125,-0.003753748331394746,-0.007225638831325713,0.0005928930747167019,0.625,0.125,0.0014656676766161571,0.0007326015376171429,0.0023551649340671802,0.13499150382548653,0.11841626053340251,0.2288112725557103,-0.1628992628992629,-0.28794813119755913,-0.1388888888888889,0.125
deduplicated,tmRNA,0.5,1.0,8,0.0,-0.01894957990592573,0.0,0.0,0.625,0.0,0.0,0.0019582522658024015,0.125,0.625,0.0,-0.0033141034792853585,0.0,0.0,-0.0012280412212451117,0.0,0.0,0.0,0.0,0.625
deduplicated,tmRNA,0.75,0.0,8,0.04446120671286233,0.02991608226334888,0.06815114709851544,0.875,0.125,-0.003753748331394746,-0.01142504101746453,0.0011950386902298041,0.625,0.125,0.002057624130692043,0.0007326015376171429,0.003058984992311335,0.13538288858689962,0.11841626053340251,0.2303266435202256,-0.1628992628992629,-0.28794813119755913,-0.1388888888888889,0.125
deduplicated,tmRNA,0.75,1.0,8,0.0,-0.007555827139059612,0.0,0.0,0.625,0.0,0.0,0.000937661784186211,0.125,0.625,0.0,-0.002038892199387519,0.0,0.0,-0.0001971571032914135,0.0,0.0,0.0,0.0,0.625
deduplicated,tmRNA,0.9090909090909091,0.0,8,0.04929471906517166,0.02991608226334888,0.06815114709851544,0.875,0.125,-0.003753748331394746,-0.012362702801650742,0.0018947012159786511,0.625,0.125,0.002345104207022862,0.0007326015376171429,0.003921310642997473,0.1356079194787858,0.11841626053340251,0.23067582505783307,-0.1628992628992629,-0.28794813119755913,-0.1388888888888889,0.125
deduplicated,tmRNA,0.9090909090909091,1.0,8,0.0,-0.0014611338398597407,0.0,0.0,0.75,0.0,0.0,0.0,0.125,0.75,0.0,-0.0006313506907882471,0.0,0.0,-2.8213885782772674e-05,0.0,0.0,0.0,0.0,0.75
deduplicated,tmRNA,1.0,0.0,8,0.05993930806576303,0.0342994837829281,0.06815114709851544,0.875,0.125,-0.003753748331394746,-0.016237536825843425,0.003602145726444737,0.625,0.125,0.002345104207022862,0.0007326015376171429,0.0046666570772026265,0.1356079194787858,0.11841626053340251,0.23104437246302964,-0.1628992628992629,-0.28794813119755913,-0.1388888888888889,0.125
deduplicated,tmRNA,1.0,1.0,8,0.0,0.0,0.0,0.0,1.0,0.0,0.0,0.0,0.0,1.0,0.0,0.0,0.0,0.0,0.0,0.0,0.0,0.0,0.0,1.0
